<?xml version="1.0" encoding="UTF-8" ?>
<CMap xmlns:xsi="http://www.w3.org/2001/XMLSchema-instance" xmlns:xsd="http://www.w3.org/2001/XMLSchema">
<m_path>チョウの標本</m_path>
<m_barPerMin>42.5</m_barPerMin>
<m_timeOffset>0</m_timeOffset>
<m_leftRegion>PAD</m_leftRegion>
<m_rightRegion>PAD</m_rightRegion>
<m_mapID>_map_チョウの標本_N</m_mapID>
<m_notes>
<m_notes>
<CMapNoteAsset>
<m_id>0</m_id>
<m_type>NORMAL</m_type>
<m_time>1</m_time>
<m_position>0.6</m_position>
<m_width>0.6</m_width>
<m_subId>-1</m_subId>
</CMapNoteAsset>
<CMapNoteAsset>
<m_id>1</m_id>
<m_type>HOLD</m_type>
<m_time>1</m_time>
<m_position>3.6</m_position>
<m_width>0.6</m_width>
<m_subId>2</m_subId>
</CMapNoteAsset>
<CMapNoteAsset>
<m_id>2</m_id>
<m_type>SUB</m_type>
<m_time>5</m_time>
<m_position>3.6</m_position>
<m_width>0.6</m_width>
<m_subId>-1</m_subId>
</CMapNoteAsset>
<CMapNoteAsset>
<m_id>3</m_id>
<m_type>HOLD</m_type>
<m_time>5</m_time>
<m_position>0.8</m_position>
<m_width>0.6</m_width>
<m_subId>4</m_subId>
</CMapNoteAsset>
<CMapNoteAsset>
<m_id>4</m_id>
<m_type>SUB</m_type>
<m_time>8.9375</m_time>
<m_position>0.8</m_position>
<m_width>0.6</m_width>
<m_subId>-1</m_subId>
</CMapNoteAsset>
<CMapNoteAsset>
<m_id>5</m_id>
<m_type>NORMAL</m_type>
<m_time>9.25</m_time>
<m_position>0.2</m_position>
<m_width>1</m_width>
<m_subId>-1</m_subId>
</CMapNoteAsset>
<CMapNoteAsset>
<m_id>6</m_id>
<m_type>NORMAL</m_type>
<m_time>9.5</m_time>
<m_position>3.2</m_position>
<m_width>1</m_width>
<m_subId>-1</m_subId>
</CMapNoteAsset>
<CMapNoteAsset>
<m_id>7</m_id>
<m_type>NORMAL</m_type>
<m_time>9.75</m_time>
<m_position>1.6</m_position>
<m_width>1</m_width>
<m_subId>-1</m_subId>
</CMapNoteAsset>
<CMapNoteAsset>
<m_id>8</m_id>
<m_type>NORMAL</m_type>
<m_time>10</m_time>
<m_position>4</m_position>
<m_width>1</m_width>
<m_subId>-1</m_subId>
</CMapNoteAsset>
<CMapNoteAsset>
<m_id>9</m_id>
<m_type>NORMAL</m_type>
<m_time>10.25</m_time>
<m_position>2</m_position>
<m_width>1</m_width>
<m_subId>-1</m_subId>
</CMapNoteAsset>
<CMapNoteAsset>
<m_id>10</m_id>
<m_type>NORMAL</m_type>
<m_time>10.5</m_time>
<m_position>3.6</m_position>
<m_width>1</m_width>
<m_subId>-1</m_subId>
</CMapNoteAsset>
<CMapNoteAsset>
<m_id>11</m_id>
<m_type>NORMAL</m_type>
<m_time>10.75</m_time>
<m_position>0</m_position>
<m_width>1</m_width>
<m_subId>-1</m_subId>
</CMapNoteAsset>
<CMapNoteAsset>
<m_id>12</m_id>
<m_type>NORMAL</m_type>
<m_time>11</m_time>
<m_position>2.9</m_position>
<m_width>1</m_width>
<m_subId>-1</m_subId>
</CMapNoteAsset>
<CMapNoteAsset>
<m_id>13</m_id>
<m_type>NORMAL</m_type>
<m_time>11.25</m_time>
<m_position>1.5</m_position>
<m_width>1</m_width>
<m_subId>-1</m_subId>
</CMapNoteAsset>
<CMapNoteAsset>
<m_id>14</m_id>
<m_type>NORMAL</m_type>
<m_time>11.5</m_time>
<m_position>2.9</m_position>
<m_width>1</m_width>
<m_subId>-1</m_subId>
</CMapNoteAsset>
<CMapNoteAsset>
<m_id>15</m_id>
<m_type>NORMAL</m_type>
<m_time>11.75</m_time>
<m_position>0.1</m_position>
<m_width>1</m_width>
<m_subId>-1</m_subId>
</CMapNoteAsset>
<CMapNoteAsset>
<m_id>16</m_id>
<m_type>NORMAL</m_type>
<m_time>12</m_time>
<m_position>1.6</m_position>
<m_width>1</m_width>
<m_subId>-1</m_subId>
</CMapNoteAsset>
<CMapNoteAsset>
<m_id>17</m_id>
<m_type>NORMAL</m_type>
<m_time>12.25</m_time>
<m_position>4.1</m_position>
<m_width>1</m_width>
<m_subId>-1</m_subId>
</CMapNoteAsset>
<CMapNoteAsset>
<m_id>18</m_id>
<m_type>NORMAL</m_type>
<m_time>12.5</m_time>
<m_position>1.6</m_position>
<m_width>1</m_width>
<m_subId>-1</m_subId>
</CMapNoteAsset>
<CMapNoteAsset>
<m_id>19</m_id>
<m_type>NORMAL</m_type>
<m_time>12.75</m_time>
<m_position>3</m_position>
<m_width>1</m_width>
<m_subId>-1</m_subId>
</CMapNoteAsset>
<CMapNoteAsset>
<m_id>20</m_id>
<m_type>NORMAL</m_type>
<m_time>13.25</m_time>
<m_position>4.1</m_position>
<m_width>1</m_width>
<m_subId>-1</m_subId>
</CMapNoteAsset>
<CMapNoteAsset>
<m_id>21</m_id>
<m_type>NORMAL</m_type>
<m_time>13.5</m_time>
<m_position>1.9</m_position>
<m_width>1</m_width>
<m_subId>-1</m_subId>
</CMapNoteAsset>
<CMapNoteAsset>
<m_id>22</m_id>
<m_type>NORMAL</m_type>
<m_time>13.75</m_time>
<m_position>1.9</m_position>
<m_width>1</m_width>
<m_subId>-1</m_subId>
</CMapNoteAsset>
<CMapNoteAsset>
<m_id>23</m_id>
<m_type>NORMAL</m_type>
<m_time>14</m_time>
<m_position>3.3</m_position>
<m_width>1</m_width>
<m_subId>-1</m_subId>
</CMapNoteAsset>
<CMapNoteAsset>
<m_id>24</m_id>
<m_type>NORMAL</m_type>
<m_time>14.25</m_time>
<m_position>0</m_position>
<m_width>1</m_width>
<m_subId>-1</m_subId>
</CMapNoteAsset>
<CMapNoteAsset>
<m_id>25</m_id>
<m_type>NORMAL</m_type>
<m_time>14.5</m_time>
<m_position>3.3</m_position>
<m_width>1</m_width>
<m_subId>-1</m_subId>
</CMapNoteAsset>
<CMapNoteAsset>
<m_id>26</m_id>
<m_type>NORMAL</m_type>
<m_time>14.75</m_time>
<m_position>1.4</m_position>
<m_width>1</m_width>
<m_subId>-1</m_subId>
</CMapNoteAsset>
<CMapNoteAsset>
<m_id>27</m_id>
<m_type>NORMAL</m_type>
<m_time>15</m_time>
<m_position>4.3</m_position>
<m_width>1</m_width>
<m_subId>-1</m_subId>
</CMapNoteAsset>
<CMapNoteAsset>
<m_id>28</m_id>
<m_type>NORMAL</m_type>
<m_time>15.25</m_time>
<m_position>-0.3</m_position>
<m_width>1</m_width>
<m_subId>-1</m_subId>
</CMapNoteAsset>
<CMapNoteAsset>
<m_id>29</m_id>
<m_type>NORMAL</m_type>
<m_time>15.5</m_time>
<m_position>2</m_position>
<m_width>1</m_width>
<m_subId>-1</m_subId>
</CMapNoteAsset>
<CMapNoteAsset>
<m_id>30</m_id>
<m_type>NORMAL</m_type>
<m_time>15.625</m_time>
<m_position>3.8</m_position>
<m_width>1</m_width>
<m_subId>-1</m_subId>
</CMapNoteAsset>
<CMapNoteAsset>
<m_id>31</m_id>
<m_type>NORMAL</m_type>
<m_time>15.75</m_time>
<m_position>0.9</m_position>
<m_width>1</m_width>
<m_subId>-1</m_subId>
</CMapNoteAsset>
<CMapNoteAsset>
<m_id>32</m_id>
<m_type>NORMAL</m_type>
<m_time>15.875</m_time>
<m_position>3.8</m_position>
<m_width>1</m_width>
<m_subId>-1</m_subId>
</CMapNoteAsset>
<CMapNoteAsset>
<m_id>33</m_id>
<m_type>CHAIN</m_type>
<m_time>16</m_time>
<m_position>0</m_position>
<m_width>1</m_width>
<m_subId>-1</m_subId>
</CMapNoteAsset>
<CMapNoteAsset>
<m_id>34</m_id>
<m_type>CHAIN</m_type>
<m_time>16.25</m_time>
<m_position>0</m_position>
<m_width>1</m_width>
<m_subId>-1</m_subId>
</CMapNoteAsset>
<CMapNoteAsset>
<m_id>35</m_id>
<m_type>NORMAL</m_type>
<m_time>16.5</m_time>
<m_position>3.8</m_position>
<m_width>1</m_width>
<m_subId>-1</m_subId>
</CMapNoteAsset>
<CMapNoteAsset>
<m_id>36</m_id>
<m_type>CHAIN</m_type>
<m_time>16.625</m_time>
<m_position>3.8</m_position>
<m_width>1</m_width>
<m_subId>-1</m_subId>
</CMapNoteAsset>
<CMapNoteAsset>
<m_id>37</m_id>
<m_type>CHAIN</m_type>
<m_time>16.75</m_time>
<m_position>3.8</m_position>
<m_width>1</m_width>
<m_subId>-1</m_subId>
</CMapNoteAsset>
<CMapNoteAsset>
<m_id>38</m_id>
<m_type>CHAIN</m_type>
<m_time>16.875</m_time>
<m_position>3.8</m_position>
<m_width>1</m_width>
<m_subId>-1</m_subId>
</CMapNoteAsset>
<CMapNoteAsset>
<m_id>39</m_id>
<m_type>NORMAL</m_type>
<m_time>17.125</m_time>
<m_position>4.3</m_position>
<m_width>1</m_width>
<m_subId>-1</m_subId>
</CMapNoteAsset>
<CMapNoteAsset>
<m_id>40</m_id>
<m_type>CHAIN</m_type>
<m_time>17.25</m_time>
<m_position>3.5</m_position>
<m_width>1</m_width>
<m_subId>-1</m_subId>
</CMapNoteAsset>
<CMapNoteAsset>
<m_id>41</m_id>
<m_type>CHAIN</m_type>
<m_time>17.375</m_time>
<m_position>2.7</m_position>
<m_width>1</m_width>
<m_subId>-1</m_subId>
</CMapNoteAsset>
<CMapNoteAsset>
<m_id>42</m_id>
<m_type>NORMAL</m_type>
<m_time>17.625</m_time>
<m_position>4.2</m_position>
<m_width>1</m_width>
<m_subId>-1</m_subId>
</CMapNoteAsset>
<CMapNoteAsset>
<m_id>43</m_id>
<m_type>NORMAL</m_type>
<m_time>19.375</m_time>
<m_position>2.4</m_position>
<m_width>1</m_width>
<m_subId>-1</m_subId>
</CMapNoteAsset>
<CMapNoteAsset>
<m_id>44</m_id>
<m_type>CHAIN</m_type>
<m_time>19.416667</m_time>
<m_position>2.9</m_position>
<m_width>1</m_width>
<m_subId>-1</m_subId>
</CMapNoteAsset>
<CMapNoteAsset>
<m_id>45</m_id>
<m_type>CHAIN</m_type>
<m_time>19.458333</m_time>
<m_position>3.5</m_position>
<m_width>1</m_width>
<m_subId>-1</m_subId>
</CMapNoteAsset>
<CMapNoteAsset>
<m_id>46</m_id>
<m_type>CHAIN</m_type>
<m_time>19.5</m_time>
<m_position>4.1</m_position>
<m_width>1</m_width>
<m_subId>-1</m_subId>
</CMapNoteAsset>
<CMapNoteAsset>
<m_id>47</m_id>
<m_type>NORMAL</m_type>
<m_time>21.125</m_time>
<m_position>0.1</m_position>
<m_width>1</m_width>
<m_subId>-1</m_subId>
</CMapNoteAsset>
<CMapNoteAsset>
<m_id>48</m_id>
<m_type>CHAIN</m_type>
<m_time>21.25</m_time>
<m_position>0.9</m_position>
<m_width>1</m_width>
<m_subId>-1</m_subId>
</CMapNoteAsset>
<CMapNoteAsset>
<m_id>49</m_id>
<m_type>CHAIN</m_type>
<m_time>21.375</m_time>
<m_position>1.8</m_position>
<m_width>1</m_width>
<m_subId>-1</m_subId>
</CMapNoteAsset>
<CMapNoteAsset>
<m_id>50</m_id>
<m_type>NORMAL</m_type>
<m_time>21.625</m_time>
<m_position>-0.1</m_position>
<m_width>1</m_width>
<m_subId>-1</m_subId>
</CMapNoteAsset>
<CMapNoteAsset>
<m_id>51</m_id>
<m_type>NORMAL</m_type>
<m_time>25</m_time>
<m_position>0.1</m_position>
<m_width>1</m_width>
<m_subId>-1</m_subId>
</CMapNoteAsset>
<CMapNoteAsset>
<m_id>52</m_id>
<m_type>NORMAL</m_type>
<m_time>25.125</m_time>
<m_position>2.4</m_position>
<m_width>1</m_width>
<m_subId>-1</m_subId>
</CMapNoteAsset>
<CMapNoteAsset>
<m_id>53</m_id>
<m_type>CHAIN</m_type>
<m_time>25.25</m_time>
<m_position>3.1</m_position>
<m_width>1</m_width>
<m_subId>-1</m_subId>
</CMapNoteAsset>
<CMapNoteAsset>
<m_id>54</m_id>
<m_type>CHAIN</m_type>
<m_time>25.375</m_time>
<m_position>3.9</m_position>
<m_width>1</m_width>
<m_subId>-1</m_subId>
</CMapNoteAsset>
<CMapNoteAsset>
<m_id>55</m_id>
<m_type>NORMAL</m_type>
<m_time>25.625</m_time>
<m_position>1.8</m_position>
<m_width>1</m_width>
<m_subId>-1</m_subId>
</CMapNoteAsset>
<CMapNoteAsset>
<m_id>56</m_id>
<m_type>NORMAL</m_type>
<m_time>27.375</m_time>
<m_position>4.2</m_position>
<m_width>1</m_width>
<m_subId>-1</m_subId>
</CMapNoteAsset>
<CMapNoteAsset>
<m_id>57</m_id>
<m_type>CHAIN</m_type>
<m_time>27.416667</m_time>
<m_position>3.7</m_position>
<m_width>1</m_width>
<m_subId>-1</m_subId>
</CMapNoteAsset>
<CMapNoteAsset>
<m_id>58</m_id>
<m_type>CHAIN</m_type>
<m_time>27.458333</m_time>
<m_position>3.2</m_position>
<m_width>1</m_width>
<m_subId>-1</m_subId>
</CMapNoteAsset>
<CMapNoteAsset>
<m_id>59</m_id>
<m_type>CHAIN</m_type>
<m_time>27.5</m_time>
<m_position>2.6</m_position>
<m_width>1</m_width>
<m_subId>-1</m_subId>
</CMapNoteAsset>
<CMapNoteAsset>
<m_id>60</m_id>
<m_type>NORMAL</m_type>
<m_time>28.75</m_time>
<m_position>4</m_position>
<m_width>1</m_width>
<m_subId>-1</m_subId>
</CMapNoteAsset>
<CMapNoteAsset>
<m_id>61</m_id>
<m_type>NORMAL</m_type>
<m_time>29</m_time>
<m_position>4</m_position>
<m_width>1</m_width>
<m_subId>-1</m_subId>
</CMapNoteAsset>
<CMapNoteAsset>
<m_id>62</m_id>
<m_type>NORMAL</m_type>
<m_time>29.125</m_time>
<m_position>0.4</m_position>
<m_width>1</m_width>
<m_subId>-1</m_subId>
</CMapNoteAsset>
<CMapNoteAsset>
<m_id>63</m_id>
<m_type>CHAIN</m_type>
<m_time>29.25</m_time>
<m_position>1.4</m_position>
<m_width>1</m_width>
<m_subId>-1</m_subId>
</CMapNoteAsset>
<CMapNoteAsset>
<m_id>64</m_id>
<m_type>CHAIN</m_type>
<m_time>29.375</m_time>
<m_position>2.4</m_position>
<m_width>1</m_width>
<m_subId>-1</m_subId>
</CMapNoteAsset>
<CMapNoteAsset>
<m_id>65</m_id>
<m_type>NORMAL</m_type>
<m_time>29.625</m_time>
<m_position>0.8</m_position>
<m_width>1</m_width>
<m_subId>-1</m_subId>
</CMapNoteAsset>
<CMapNoteAsset>
<m_id>66</m_id>
<m_type>NORMAL</m_type>
<m_time>31.25</m_time>
<m_position>0.6</m_position>
<m_width>1</m_width>
<m_subId>-1</m_subId>
</CMapNoteAsset>
<CMapNoteAsset>
<m_id>67</m_id>
<m_type>NORMAL</m_type>
<m_time>31.6875</m_time>
<m_position>0.6</m_position>
<m_width>1</m_width>
<m_subId>-1</m_subId>
</CMapNoteAsset>
<CMapNoteAsset>
<m_id>68</m_id>
<m_type>NORMAL</m_type>
<m_time>33</m_time>
<m_position>3.7</m_position>
<m_width>1</m_width>
<m_subId>-1</m_subId>
</CMapNoteAsset>
<CMapNoteAsset>
<m_id>69</m_id>
<m_type>NORMAL</m_type>
<m_time>33.25</m_time>
<m_position>0.6</m_position>
<m_width>1</m_width>
<m_subId>-1</m_subId>
</CMapNoteAsset>
<CMapNoteAsset>
<m_id>70</m_id>
<m_type>NORMAL</m_type>
<m_time>33.5</m_time>
<m_position>1.2</m_position>
<m_width>1</m_width>
<m_subId>-1</m_subId>
</CMapNoteAsset>
<CMapNoteAsset>
<m_id>71</m_id>
<m_type>NORMAL</m_type>
<m_time>33.75</m_time>
<m_position>2.8</m_position>
<m_width>1</m_width>
<m_subId>-1</m_subId>
</CMapNoteAsset>
<CMapNoteAsset>
<m_id>72</m_id>
<m_type>NORMAL</m_type>
<m_time>34</m_time>
<m_position>4</m_position>
<m_width>1</m_width>
<m_subId>-1</m_subId>
</CMapNoteAsset>
<CMapNoteAsset>
<m_id>73</m_id>
<m_type>NORMAL</m_type>
<m_time>34.25</m_time>
<m_position>3.1</m_position>
<m_width>1</m_width>
<m_subId>-1</m_subId>
</CMapNoteAsset>
<CMapNoteAsset>
<m_id>74</m_id>
<m_type>NORMAL</m_type>
<m_time>34.5</m_time>
<m_position>0.5</m_position>
<m_width>1</m_width>
<m_subId>-1</m_subId>
</CMapNoteAsset>
<CMapNoteAsset>
<m_id>75</m_id>
<m_type>NORMAL</m_type>
<m_time>34.75</m_time>
<m_position>1.8</m_position>
<m_width>1</m_width>
<m_subId>-1</m_subId>
</CMapNoteAsset>
<CMapNoteAsset>
<m_id>76</m_id>
<m_type>NORMAL</m_type>
<m_time>35</m_time>
<m_position>3.4</m_position>
<m_width>1</m_width>
<m_subId>-1</m_subId>
</CMapNoteAsset>
<CMapNoteAsset>
<m_id>77</m_id>
<m_type>NORMAL</m_type>
<m_time>35.25</m_time>
<m_position>1</m_position>
<m_width>1</m_width>
<m_subId>-1</m_subId>
</CMapNoteAsset>
<CMapNoteAsset>
<m_id>78</m_id>
<m_type>NORMAL</m_type>
<m_time>35.5</m_time>
<m_position>-0.3</m_position>
<m_width>1</m_width>
<m_subId>-1</m_subId>
</CMapNoteAsset>
<CMapNoteAsset>
<m_id>79</m_id>
<m_type>NORMAL</m_type>
<m_time>35.75</m_time>
<m_position>2.9</m_position>
<m_width>1</m_width>
<m_subId>-1</m_subId>
</CMapNoteAsset>
<CMapNoteAsset>
<m_id>80</m_id>
<m_type>NORMAL</m_type>
<m_time>36</m_time>
<m_position>4.1</m_position>
<m_width>1</m_width>
<m_subId>-1</m_subId>
</CMapNoteAsset>
<CMapNoteAsset>
<m_id>81</m_id>
<m_type>NORMAL</m_type>
<m_time>36.25</m_time>
<m_position>2.6</m_position>
<m_width>1</m_width>
<m_subId>-1</m_subId>
</CMapNoteAsset>
<CMapNoteAsset>
<m_id>82</m_id>
<m_type>NORMAL</m_type>
<m_time>36.5</m_time>
<m_position>0.7</m_position>
<m_width>1</m_width>
<m_subId>-1</m_subId>
</CMapNoteAsset>
<CMapNoteAsset>
<m_id>83</m_id>
<m_type>NORMAL</m_type>
<m_time>36.75</m_time>
<m_position>3.3</m_position>
<m_width>1</m_width>
<m_subId>-1</m_subId>
</CMapNoteAsset>
<CMapNoteAsset>
<m_id>84</m_id>
<m_type>NORMAL</m_type>
<m_time>37</m_time>
<m_position>1.5</m_position>
<m_width>1</m_width>
<m_subId>-1</m_subId>
</CMapNoteAsset>
<CMapNoteAsset>
<m_id>85</m_id>
<m_type>NORMAL</m_type>
<m_time>37.25</m_time>
<m_position>0.3</m_position>
<m_width>1</m_width>
<m_subId>-1</m_subId>
</CMapNoteAsset>
<CMapNoteAsset>
<m_id>86</m_id>
<m_type>NORMAL</m_type>
<m_time>37.5</m_time>
<m_position>1.1</m_position>
<m_width>1</m_width>
<m_subId>-1</m_subId>
</CMapNoteAsset>
<CMapNoteAsset>
<m_id>87</m_id>
<m_type>NORMAL</m_type>
<m_time>37.75</m_time>
<m_position>4.2</m_position>
<m_width>1</m_width>
<m_subId>-1</m_subId>
</CMapNoteAsset>
<CMapNoteAsset>
<m_id>88</m_id>
<m_type>NORMAL</m_type>
<m_time>38</m_time>
<m_position>3.2</m_position>
<m_width>1</m_width>
<m_subId>-1</m_subId>
</CMapNoteAsset>
<CMapNoteAsset>
<m_id>89</m_id>
<m_type>NORMAL</m_type>
<m_time>38.25</m_time>
<m_position>3.2</m_position>
<m_width>1</m_width>
<m_subId>-1</m_subId>
</CMapNoteAsset>
<CMapNoteAsset>
<m_id>90</m_id>
<m_type>NORMAL</m_type>
<m_time>38.5</m_time>
<m_position>0.8</m_position>
<m_width>1</m_width>
<m_subId>-1</m_subId>
</CMapNoteAsset>
<CMapNoteAsset>
<m_id>91</m_id>
<m_type>NORMAL</m_type>
<m_time>38.75</m_time>
<m_position>4.1</m_position>
<m_width>1</m_width>
<m_subId>-1</m_subId>
</CMapNoteAsset>
<CMapNoteAsset>
<m_id>92</m_id>
<m_type>NORMAL</m_type>
<m_time>39</m_time>
<m_position>1.7</m_position>
<m_width>1</m_width>
<m_subId>-1</m_subId>
</CMapNoteAsset>
<CMapNoteAsset>
<m_id>93</m_id>
<m_type>NORMAL</m_type>
<m_time>39.25</m_time>
<m_position>0.1</m_position>
<m_width>1</m_width>
<m_subId>-1</m_subId>
</CMapNoteAsset>
<CMapNoteAsset>
<m_id>94</m_id>
<m_type>NORMAL</m_type>
<m_time>39.5</m_time>
<m_position>1.1</m_position>
<m_width>1</m_width>
<m_subId>-1</m_subId>
</CMapNoteAsset>
<CMapNoteAsset>
<m_id>95</m_id>
<m_type>NORMAL</m_type>
<m_time>39.75</m_time>
<m_position>0.1</m_position>
<m_width>1</m_width>
<m_subId>-1</m_subId>
</CMapNoteAsset>
<CMapNoteAsset>
<m_id>96</m_id>
<m_type>NORMAL</m_type>
<m_time>40</m_time>
<m_position>3.9</m_position>
<m_width>1</m_width>
<m_subId>-1</m_subId>
</CMapNoteAsset>
<CMapNoteAsset>
<m_id>97</m_id>
<m_type>NORMAL</m_type>
<m_time>40.25</m_time>
<m_position>3.5</m_position>
<m_width>1</m_width>
<m_subId>-1</m_subId>
</CMapNoteAsset>
<CMapNoteAsset>
<m_id>98</m_id>
<m_type>NORMAL</m_type>
<m_time>40.5</m_time>
<m_position>0.9</m_position>
<m_width>1</m_width>
<m_subId>-1</m_subId>
</CMapNoteAsset>
<CMapNoteAsset>
<m_id>99</m_id>
<m_type>NORMAL</m_type>
<m_time>40.75</m_time>
<m_position>2.4</m_position>
<m_width>1</m_width>
<m_subId>-1</m_subId>
</CMapNoteAsset>
<CMapNoteAsset>
<m_id>100</m_id>
<m_type>NORMAL</m_type>
<m_time>41</m_time>
<m_position>0</m_position>
<m_width>1</m_width>
<m_subId>-1</m_subId>
</CMapNoteAsset>
<CMapNoteAsset>
<m_id>101</m_id>
<m_type>NORMAL</m_type>
<m_time>41.25</m_time>
<m_position>3.7</m_position>
<m_width>1</m_width>
<m_subId>-1</m_subId>
</CMapNoteAsset>
<CMapNoteAsset>
<m_id>102</m_id>
<m_type>NORMAL</m_type>
<m_time>41.5</m_time>
<m_position>2.35</m_position>
<m_width>1.5</m_width>
<m_subId>-1</m_subId>
</CMapNoteAsset>
<CMapNoteAsset>
<m_id>103</m_id>
<m_type>NORMAL</m_type>
<m_time>41.75</m_time>
<m_position>4.2</m_position>
<m_width>1</m_width>
<m_subId>-1</m_subId>
</CMapNoteAsset>
<CMapNoteAsset>
<m_id>104</m_id>
<m_type>NORMAL</m_type>
<m_time>42</m_time>
<m_position>0.1</m_position>
<m_width>1</m_width>
<m_subId>-1</m_subId>
</CMapNoteAsset>
<CMapNoteAsset>
<m_id>105</m_id>
<m_type>NORMAL</m_type>
<m_time>42.25</m_time>
<m_position>1</m_position>
<m_width>1</m_width>
<m_subId>-1</m_subId>
</CMapNoteAsset>
<CMapNoteAsset>
<m_id>106</m_id>
<m_type>NORMAL</m_type>
<m_time>42.5</m_time>
<m_position>2.25</m_position>
<m_width>1.5</m_width>
<m_subId>-1</m_subId>
</CMapNoteAsset>
<CMapNoteAsset>
<m_id>107</m_id>
<m_type>NORMAL</m_type>
<m_time>42.75</m_time>
<m_position>4</m_position>
<m_width>1</m_width>
<m_subId>-1</m_subId>
</CMapNoteAsset>
<CMapNoteAsset>
<m_id>108</m_id>
<m_type>NORMAL</m_type>
<m_time>43</m_time>
<m_position>0.4</m_position>
<m_width>1</m_width>
<m_subId>-1</m_subId>
</CMapNoteAsset>
<CMapNoteAsset>
<m_id>109</m_id>
<m_type>NORMAL</m_type>
<m_time>43.25</m_time>
<m_position>2.9</m_position>
<m_width>1</m_width>
<m_subId>-1</m_subId>
</CMapNoteAsset>
<CMapNoteAsset>
<m_id>110</m_id>
<m_type>NORMAL</m_type>
<m_time>43.5</m_time>
<m_position>3.85</m_position>
<m_width>1.5</m_width>
<m_subId>-1</m_subId>
</CMapNoteAsset>
<CMapNoteAsset>
<m_id>111</m_id>
<m_type>NORMAL</m_type>
<m_time>43.75</m_time>
<m_position>1.2</m_position>
<m_width>1</m_width>
<m_subId>-1</m_subId>
</CMapNoteAsset>
<CMapNoteAsset>
<m_id>112</m_id>
<m_type>NORMAL</m_type>
<m_time>44</m_time>
<m_position>0.6</m_position>
<m_width>1</m_width>
<m_subId>-1</m_subId>
</CMapNoteAsset>
<CMapNoteAsset>
<m_id>113</m_id>
<m_type>NORMAL</m_type>
<m_time>44.25</m_time>
<m_position>0</m_position>
<m_width>1</m_width>
<m_subId>-1</m_subId>
</CMapNoteAsset>
<CMapNoteAsset>
<m_id>114</m_id>
<m_type>NORMAL</m_type>
<m_time>44.5</m_time>
<m_position>2.05</m_position>
<m_width>1.5</m_width>
<m_subId>-1</m_subId>
</CMapNoteAsset>
<CMapNoteAsset>
<m_id>115</m_id>
<m_type>NORMAL</m_type>
<m_time>44.75</m_time>
<m_position>3.7</m_position>
<m_width>1</m_width>
<m_subId>-1</m_subId>
</CMapNoteAsset>
<CMapNoteAsset>
<m_id>116</m_id>
<m_type>NORMAL</m_type>
<m_time>45</m_time>
<m_position>1.7</m_position>
<m_width>1</m_width>
<m_subId>-1</m_subId>
</CMapNoteAsset>
<CMapNoteAsset>
<m_id>117</m_id>
<m_type>NORMAL</m_type>
<m_time>45.25</m_time>
<m_position>4.3</m_position>
<m_width>1</m_width>
<m_subId>-1</m_subId>
</CMapNoteAsset>
<CMapNoteAsset>
<m_id>118</m_id>
<m_type>NORMAL</m_type>
<m_time>45.5</m_time>
<m_position>2.75</m_position>
<m_width>1.5</m_width>
<m_subId>-1</m_subId>
</CMapNoteAsset>
<CMapNoteAsset>
<m_id>119</m_id>
<m_type>NORMAL</m_type>
<m_time>45.75</m_time>
<m_position>0.4</m_position>
<m_width>1</m_width>
<m_subId>-1</m_subId>
</CMapNoteAsset>
<CMapNoteAsset>
<m_id>120</m_id>
<m_type>NORMAL</m_type>
<m_time>46</m_time>
<m_position>1.6</m_position>
<m_width>1</m_width>
<m_subId>-1</m_subId>
</CMapNoteAsset>
<CMapNoteAsset>
<m_id>121</m_id>
<m_type>NORMAL</m_type>
<m_time>46.25</m_time>
<m_position>1.6</m_position>
<m_width>1</m_width>
<m_subId>-1</m_subId>
</CMapNoteAsset>
<CMapNoteAsset>
<m_id>122</m_id>
<m_type>NORMAL</m_type>
<m_time>46.5</m_time>
<m_position>-0.15</m_position>
<m_width>1.5</m_width>
<m_subId>-1</m_subId>
</CMapNoteAsset>
<CMapNoteAsset>
<m_id>123</m_id>
<m_type>NORMAL</m_type>
<m_time>46.75</m_time>
<m_position>1.6</m_position>
<m_width>1</m_width>
<m_subId>-1</m_subId>
</CMapNoteAsset>
<CMapNoteAsset>
<m_id>124</m_id>
<m_type>NORMAL</m_type>
<m_time>47.5</m_time>
<m_position>0.85</m_position>
<m_width>1.5</m_width>
<m_subId>-1</m_subId>
</CMapNoteAsset>
<CMapNoteAsset>
<m_id>125</m_id>
<m_type>NORMAL</m_type>
<m_time>47.875</m_time>
<m_position>2</m_position>
<m_width>1</m_width>
<m_subId>-1</m_subId>
</CMapNoteAsset>
<CMapNoteAsset>
<m_id>126</m_id>
<m_type>NORMAL</m_type>
<m_time>48.5</m_time>
<m_position>0.85</m_position>
<m_width>1.5</m_width>
<m_subId>-1</m_subId>
</CMapNoteAsset>
<CMapNoteAsset>
<m_id>127</m_id>
<m_type>NORMAL</m_type>
<m_time>48.75</m_time>
<m_position>2</m_position>
<m_width>1</m_width>
<m_subId>-1</m_subId>
</CMapNoteAsset>
<CMapNoteAsset>
<m_id>128</m_id>
<m_type>NORMAL</m_type>
<m_time>53</m_time>
<m_position>-0.5</m_position>
<m_width>6</m_width>
<m_subId>-1</m_subId>
</CMapNoteAsset>
<CMapNoteAsset>
<m_id>129</m_id>
<m_type>CHAIN</m_type>
<m_time>57</m_time>
<m_position>2.35</m_position>
<m_width>0.3</m_width>
<m_subId>-1</m_subId>
</CMapNoteAsset>
<CMapNoteAsset>
<m_id>130</m_id>
<m_type>HOLD</m_type>
<m_time>65.5</m_time>
<m_position>0.5</m_position>
<m_width>0.8</m_width>
<m_subId>131</m_subId>
</CMapNoteAsset>
<CMapNoteAsset>
<m_id>131</m_id>
<m_type>SUB</m_type>
<m_time>68</m_time>
<m_position>0.5</m_position>
<m_width>0.8</m_width>
<m_subId>-1</m_subId>
</CMapNoteAsset>
<CMapNoteAsset>
<m_id>132</m_id>
<m_type>CHAIN</m_type>
<m_time>69.125</m_time>
<m_position>1.125</m_position>
<m_width>0.35</m_width>
<m_subId>-1</m_subId>
</CMapNoteAsset>
<CMapNoteAsset>
<m_id>133</m_id>
<m_type>CHAIN</m_type>
<m_time>69.1875</m_time>
<m_position>1</m_position>
<m_width>0.6</m_width>
<m_subId>-1</m_subId>
</CMapNoteAsset>
<CMapNoteAsset>
<m_id>134</m_id>
<m_type>CHAIN</m_type>
<m_time>69.25</m_time>
<m_position>0.825</m_position>
<m_width>0.95</m_width>
<m_subId>-1</m_subId>
</CMapNoteAsset>
<CMapNoteAsset>
<m_id>135</m_id>
<m_type>CHAIN</m_type>
<m_time>69.3125</m_time>
<m_position>0.525</m_position>
<m_width>1.55</m_width>
<m_subId>-1</m_subId>
</CMapNoteAsset>
<CMapNoteAsset>
<m_id>136</m_id>
<m_type>CHAIN</m_type>
<m_time>69.375</m_time>
<m_position>0.125</m_position>
<m_width>2.35</m_width>
<m_subId>-1</m_subId>
</CMapNoteAsset>
<CMapNoteAsset>
<m_id>137</m_id>
<m_type>CHAIN</m_type>
<m_time>69.4375</m_time>
<m_position>-0.45</m_position>
<m_width>3.5</m_width>
<m_subId>-1</m_subId>
</CMapNoteAsset>
<CMapNoteAsset>
<m_id>138</m_id>
<m_type>NORMAL</m_type>
<m_time>69.5</m_time>
<m_position>3.95</m_position>
<m_width>1.1</m_width>
<m_subId>-1</m_subId>
</CMapNoteAsset>
<CMapNoteAsset>
<m_id>139</m_id>
<m_type>NORMAL</m_type>
<m_time>69.75</m_time>
<m_position>0.575</m_position>
<m_width>1.05</m_width>
<m_subId>-1</m_subId>
</CMapNoteAsset>
<CMapNoteAsset>
<m_id>140</m_id>
<m_type>NORMAL</m_type>
<m_time>69.875</m_time>
<m_position>2.55</m_position>
<m_width>1.1</m_width>
<m_subId>-1</m_subId>
</CMapNoteAsset>
<CMapNoteAsset>
<m_id>141</m_id>
<m_type>NORMAL</m_type>
<m_time>70.25</m_time>
<m_position>1.35</m_position>
<m_width>1.1</m_width>
<m_subId>-1</m_subId>
</CMapNoteAsset>
<CMapNoteAsset>
<m_id>142</m_id>
<m_type>NORMAL</m_type>
<m_time>70.25</m_time>
<m_position>3.9</m_position>
<m_width>1</m_width>
<m_subId>-1</m_subId>
</CMapNoteAsset>
<CMapNoteAsset>
<m_id>143</m_id>
<m_type>NORMAL</m_type>
<m_time>70.5</m_time>
<m_position>0.1</m_position>
<m_width>1</m_width>
<m_subId>-1</m_subId>
</CMapNoteAsset>
<CMapNoteAsset>
<m_id>144</m_id>
<m_type>NORMAL</m_type>
<m_time>70.625</m_time>
<m_position>3.45</m_position>
<m_width>1.1</m_width>
<m_subId>-1</m_subId>
</CMapNoteAsset>
<CMapNoteAsset>
<m_id>145</m_id>
<m_type>NORMAL</m_type>
<m_time>70.75</m_time>
<m_position>1.5</m_position>
<m_width>1</m_width>
<m_subId>-1</m_subId>
</CMapNoteAsset>
<CMapNoteAsset>
<m_id>146</m_id>
<m_type>NORMAL</m_type>
<m_time>71</m_time>
<m_position>3.95</m_position>
<m_width>1.1</m_width>
<m_subId>-1</m_subId>
</CMapNoteAsset>
<CMapNoteAsset>
<m_id>147</m_id>
<m_type>NORMAL</m_type>
<m_time>71.25</m_time>
<m_position>2.15</m_position>
<m_width>1.1</m_width>
<m_subId>-1</m_subId>
</CMapNoteAsset>
<CMapNoteAsset>
<m_id>148</m_id>
<m_type>NORMAL</m_type>
<m_time>71.25</m_time>
<m_position>0</m_position>
<m_width>1</m_width>
<m_subId>-1</m_subId>
</CMapNoteAsset>
<CMapNoteAsset>
<m_id>149</m_id>
<m_type>NORMAL</m_type>
<m_time>71.5</m_time>
<m_position>1.35</m_position>
<m_width>1.1</m_width>
<m_subId>-1</m_subId>
</CMapNoteAsset>
<CMapNoteAsset>
<m_id>150</m_id>
<m_type>NORMAL</m_type>
<m_time>71.75</m_time>
<m_position>3.9</m_position>
<m_width>1</m_width>
<m_subId>-1</m_subId>
</CMapNoteAsset>
<CMapNoteAsset>
<m_id>151</m_id>
<m_type>NORMAL</m_type>
<m_time>71.875</m_time>
<m_position>0.25</m_position>
<m_width>1.1</m_width>
<m_subId>-1</m_subId>
</CMapNoteAsset>
<CMapNoteAsset>
<m_id>152</m_id>
<m_type>NORMAL</m_type>
<m_time>72.25</m_time>
<m_position>1.65</m_position>
<m_width>1.1</m_width>
<m_subId>-1</m_subId>
</CMapNoteAsset>
<CMapNoteAsset>
<m_id>153</m_id>
<m_type>NORMAL</m_type>
<m_time>72.25</m_time>
<m_position>3.1</m_position>
<m_width>1</m_width>
<m_subId>-1</m_subId>
</CMapNoteAsset>
<CMapNoteAsset>
<m_id>154</m_id>
<m_type>NORMAL</m_type>
<m_time>72.5</m_time>
<m_position>0.2</m_position>
<m_width>1</m_width>
<m_subId>-1</m_subId>
</CMapNoteAsset>
<CMapNoteAsset>
<m_id>155</m_id>
<m_type>NORMAL</m_type>
<m_time>72.625</m_time>
<m_position>2.75</m_position>
<m_width>1.1</m_width>
<m_subId>-1</m_subId>
</CMapNoteAsset>
<CMapNoteAsset>
<m_id>156</m_id>
<m_type>NORMAL</m_type>
<m_time>72.75</m_time>
<m_position>1.4</m_position>
<m_width>1</m_width>
<m_subId>-1</m_subId>
</CMapNoteAsset>
<CMapNoteAsset>
<m_id>157</m_id>
<m_type>NORMAL</m_type>
<m_time>73</m_time>
<m_position>4.05</m_position>
<m_width>1.1</m_width>
<m_subId>-1</m_subId>
</CMapNoteAsset>
<CMapNoteAsset>
<m_id>158</m_id>
<m_type>NORMAL</m_type>
<m_time>73.25</m_time>
<m_position>2.15</m_position>
<m_width>1.1</m_width>
<m_subId>-1</m_subId>
</CMapNoteAsset>
<CMapNoteAsset>
<m_id>159</m_id>
<m_type>NORMAL</m_type>
<m_time>73.25</m_time>
<m_position>0.9</m_position>
<m_width>1</m_width>
<m_subId>-1</m_subId>
</CMapNoteAsset>
<CMapNoteAsset>
<m_id>160</m_id>
<m_type>NORMAL</m_type>
<m_time>73.5</m_time>
<m_position>-0.25</m_position>
<m_width>1.1</m_width>
<m_subId>-1</m_subId>
</CMapNoteAsset>
<CMapNoteAsset>
<m_id>161</m_id>
<m_type>HOLD</m_type>
<m_time>73.5</m_time>
<m_position>4</m_position>
<m_width>1</m_width>
<m_subId>162</m_subId>
</CMapNoteAsset>
<CMapNoteAsset>
<m_id>162</m_id>
<m_type>SUB</m_type>
<m_time>73.5</m_time>
<m_position>4</m_position>
<m_width>1</m_width>
<m_subId>-1</m_subId>
</CMapNoteAsset>
<CMapNoteAsset>
<m_id>163</m_id>
<m_type>NORMAL</m_type>
<m_time>73.75</m_time>
<m_position>2.7</m_position>
<m_width>1</m_width>
<m_subId>-1</m_subId>
</CMapNoteAsset>
<CMapNoteAsset>
<m_id>164</m_id>
<m_type>NORMAL</m_type>
<m_time>73.875</m_time>
<m_position>1.05</m_position>
<m_width>1.1</m_width>
<m_subId>-1</m_subId>
</CMapNoteAsset>
<CMapNoteAsset>
<m_id>165</m_id>
<m_type>NORMAL</m_type>
<m_time>74.25</m_time>
<m_position>2.05</m_position>
<m_width>1.1</m_width>
<m_subId>-1</m_subId>
</CMapNoteAsset>
<CMapNoteAsset>
<m_id>166</m_id>
<m_type>NORMAL</m_type>
<m_time>74.25</m_time>
<m_position>-0.2</m_position>
<m_width>1</m_width>
<m_subId>-1</m_subId>
</CMapNoteAsset>
<CMapNoteAsset>
<m_id>167</m_id>
<m_type>NORMAL</m_type>
<m_time>74.5</m_time>
<m_position>4.1</m_position>
<m_width>1</m_width>
<m_subId>-1</m_subId>
</CMapNoteAsset>
<CMapNoteAsset>
<m_id>168</m_id>
<m_type>NORMAL</m_type>
<m_time>74.625</m_time>
<m_position>3.05</m_position>
<m_width>1.1</m_width>
<m_subId>-1</m_subId>
</CMapNoteAsset>
<CMapNoteAsset>
<m_id>169</m_id>
<m_type>NORMAL</m_type>
<m_time>74.75</m_time>
<m_position>1.7</m_position>
<m_width>1</m_width>
<m_subId>-1</m_subId>
</CMapNoteAsset>
<CMapNoteAsset>
<m_id>170</m_id>
<m_type>NORMAL</m_type>
<m_time>75</m_time>
<m_position>0.95</m_position>
<m_width>1.1</m_width>
<m_subId>-1</m_subId>
</CMapNoteAsset>
<CMapNoteAsset>
<m_id>171</m_id>
<m_type>NORMAL</m_type>
<m_time>75.25</m_time>
<m_position>2.15</m_position>
<m_width>1.1</m_width>
<m_subId>-1</m_subId>
</CMapNoteAsset>
<CMapNoteAsset>
<m_id>172</m_id>
<m_type>NORMAL</m_type>
<m_time>75.25</m_time>
<m_position>4.3</m_position>
<m_width>1</m_width>
<m_subId>-1</m_subId>
</CMapNoteAsset>
<CMapNoteAsset>
<m_id>173</m_id>
<m_type>NORMAL</m_type>
<m_time>75.5</m_time>
<m_position>-0.05</m_position>
<m_width>1.1</m_width>
<m_subId>-1</m_subId>
</CMapNoteAsset>
<CMapNoteAsset>
<m_id>174</m_id>
<m_type>NORMAL</m_type>
<m_time>75.625</m_time>
<m_position>1.4</m_position>
<m_width>1</m_width>
<m_subId>-1</m_subId>
</CMapNoteAsset>
<CMapNoteAsset>
<m_id>175</m_id>
<m_type>NORMAL</m_type>
<m_time>75.875</m_time>
<m_position>3.65</m_position>
<m_width>1.1</m_width>
<m_subId>-1</m_subId>
</CMapNoteAsset>
<CMapNoteAsset>
<m_id>176</m_id>
<m_type>NORMAL</m_type>
<m_time>76</m_time>
<m_position>1.4</m_position>
<m_width>1</m_width>
<m_subId>-1</m_subId>
</CMapNoteAsset>
<CMapNoteAsset>
<m_id>177</m_id>
<m_type>NORMAL</m_type>
<m_time>76.25</m_time>
<m_position>0.05</m_position>
<m_width>1.1</m_width>
<m_subId>-1</m_subId>
</CMapNoteAsset>
<CMapNoteAsset>
<m_id>178</m_id>
<m_type>NORMAL</m_type>
<m_time>76.375</m_time>
<m_position>1.4</m_position>
<m_width>1</m_width>
<m_subId>-1</m_subId>
</CMapNoteAsset>
<CMapNoteAsset>
<m_id>179</m_id>
<m_type>NORMAL</m_type>
<m_time>76.5</m_time>
<m_position>3.7</m_position>
<m_width>1</m_width>
<m_subId>-1</m_subId>
</CMapNoteAsset>
<CMapNoteAsset>
<m_id>180</m_id>
<m_type>NORMAL</m_type>
<m_time>76.625</m_time>
<m_position>1.85</m_position>
<m_width>1.1</m_width>
<m_subId>-1</m_subId>
</CMapNoteAsset>
<CMapNoteAsset>
<m_id>181</m_id>
<m_type>NORMAL</m_type>
<m_time>76.75</m_time>
<m_position>3.7</m_position>
<m_width>1</m_width>
<m_subId>-1</m_subId>
</CMapNoteAsset>
<CMapNoteAsset>
<m_id>182</m_id>
<m_type>NORMAL</m_type>
<m_time>77</m_time>
<m_position>0.05</m_position>
<m_width>1.1</m_width>
<m_subId>-1</m_subId>
</CMapNoteAsset>
<CMapNoteAsset>
<m_id>183</m_id>
<m_type>NORMAL</m_type>
<m_time>77.25</m_time>
<m_position>3.45</m_position>
<m_width>1.1</m_width>
<m_subId>-1</m_subId>
</CMapNoteAsset>
<CMapNoteAsset>
<m_id>184</m_id>
<m_type>NORMAL</m_type>
<m_time>77.375</m_time>
<m_position>2</m_position>
<m_width>1</m_width>
<m_subId>-1</m_subId>
</CMapNoteAsset>
<CMapNoteAsset>
<m_id>185</m_id>
<m_type>NORMAL</m_type>
<m_time>77.75</m_time>
<m_position>3.1</m_position>
<m_width>1</m_width>
<m_subId>-1</m_subId>
</CMapNoteAsset>
<CMapNoteAsset>
<m_id>186</m_id>
<m_type>NORMAL</m_type>
<m_time>78.25</m_time>
<m_position>3.1</m_position>
<m_width>1</m_width>
<m_subId>-1</m_subId>
</CMapNoteAsset>
<CMapNoteAsset>
<m_id>187</m_id>
<m_type>NORMAL</m_type>
<m_time>78.75</m_time>
<m_position>3.1</m_position>
<m_width>1</m_width>
<m_subId>-1</m_subId>
</CMapNoteAsset>
<CMapNoteAsset>
<m_id>188</m_id>
<m_type>NORMAL</m_type>
<m_time>79.25</m_time>
<m_position>3.1</m_position>
<m_width>1</m_width>
<m_subId>-1</m_subId>
</CMapNoteAsset>
<CMapNoteAsset>
<m_id>189</m_id>
<m_type>NORMAL</m_type>
<m_time>79.75</m_time>
<m_position>2.3</m_position>
<m_width>1</m_width>
<m_subId>-1</m_subId>
</CMapNoteAsset>
<CMapNoteAsset>
<m_id>190</m_id>
<m_type>NORMAL</m_type>
<m_time>80.25</m_time>
<m_position>2.3</m_position>
<m_width>1</m_width>
<m_subId>-1</m_subId>
</CMapNoteAsset>
<CMapNoteAsset>
<m_id>191</m_id>
<m_type>NORMAL</m_type>
<m_time>80.75</m_time>
<m_position>2.3</m_position>
<m_width>1</m_width>
<m_subId>-1</m_subId>
</CMapNoteAsset>
<CMapNoteAsset>
<m_id>192</m_id>
<m_type>NORMAL</m_type>
<m_time>81.25</m_time>
<m_position>2.3</m_position>
<m_width>1</m_width>
<m_subId>-1</m_subId>
</CMapNoteAsset>
<CMapNoteAsset>
<m_id>193</m_id>
<m_type>NORMAL</m_type>
<m_time>81.75</m_time>
<m_position>0.9</m_position>
<m_width>1</m_width>
<m_subId>-1</m_subId>
</CMapNoteAsset>
<CMapNoteAsset>
<m_id>194</m_id>
<m_type>NORMAL</m_type>
<m_time>82.25</m_time>
<m_position>0.9</m_position>
<m_width>1</m_width>
<m_subId>-1</m_subId>
</CMapNoteAsset>
<CMapNoteAsset>
<m_id>195</m_id>
<m_type>NORMAL</m_type>
<m_time>82.75</m_time>
<m_position>0.9</m_position>
<m_width>1</m_width>
<m_subId>-1</m_subId>
</CMapNoteAsset>
<CMapNoteAsset>
<m_id>196</m_id>
<m_type>NORMAL</m_type>
<m_time>83.25</m_time>
<m_position>0.9</m_position>
<m_width>1</m_width>
<m_subId>-1</m_subId>
</CMapNoteAsset>
<CMapNoteAsset>
<m_id>197</m_id>
<m_type>NORMAL</m_type>
<m_time>83.625</m_time>
<m_position>0.5</m_position>
<m_width>1</m_width>
<m_subId>-1</m_subId>
</CMapNoteAsset>
<CMapNoteAsset>
<m_id>198</m_id>
<m_type>NORMAL</m_type>
<m_time>84.375</m_time>
<m_position>0.7</m_position>
<m_width>1</m_width>
<m_subId>-1</m_subId>
</CMapNoteAsset>
<CMapNoteAsset>
<m_id>199</m_id>
<m_type>CHAIN</m_type>
<m_time>84.5</m_time>
<m_position>0.7</m_position>
<m_width>1</m_width>
<m_subId>-1</m_subId>
</CMapNoteAsset>
<CMapNoteAsset>
<m_id>200</m_id>
<m_type>NORMAL</m_type>
<m_time>84.75</m_time>
<m_position>0.1</m_position>
<m_width>1</m_width>
<m_subId>-1</m_subId>
</CMapNoteAsset>
<CMapNoteAsset>
<m_id>201</m_id>
<m_type>NORMAL</m_type>
<m_time>85.25</m_time>
<m_position>0.5</m_position>
<m_width>1</m_width>
<m_subId>-1</m_subId>
</CMapNoteAsset>
<CMapNoteAsset>
<m_id>202</m_id>
<m_type>NORMAL</m_type>
<m_time>85.375</m_time>
<m_position>0.5</m_position>
<m_width>1</m_width>
<m_subId>-1</m_subId>
</CMapNoteAsset>
<CMapNoteAsset>
<m_id>203</m_id>
<m_type>NORMAL</m_type>
<m_time>85.5</m_time>
<m_position>4.1</m_position>
<m_width>1</m_width>
<m_subId>-1</m_subId>
</CMapNoteAsset>
<CMapNoteAsset>
<m_id>204</m_id>
<m_type>NORMAL</m_type>
<m_time>85.75</m_time>
<m_position>4.1</m_position>
<m_width>1</m_width>
<m_subId>-1</m_subId>
</CMapNoteAsset>
<CMapNoteAsset>
<m_id>205</m_id>
<m_type>NORMAL</m_type>
<m_time>86</m_time>
<m_position>2.5</m_position>
<m_width>1</m_width>
<m_subId>-1</m_subId>
</CMapNoteAsset>
<CMapNoteAsset>
<m_id>206</m_id>
<m_type>NORMAL</m_type>
<m_time>86</m_time>
<m_position>-0.2</m_position>
<m_width>1</m_width>
<m_subId>-1</m_subId>
</CMapNoteAsset>
<CMapNoteAsset>
<m_id>207</m_id>
<m_type>NORMAL</m_type>
<m_time>86.25</m_time>
<m_position>4.1</m_position>
<m_width>1</m_width>
<m_subId>-1</m_subId>
</CMapNoteAsset>
<CMapNoteAsset>
<m_id>208</m_id>
<m_type>NORMAL</m_type>
<m_time>86.375</m_time>
<m_position>0.9</m_position>
<m_width>1</m_width>
<m_subId>-1</m_subId>
</CMapNoteAsset>
<CMapNoteAsset>
<m_id>209</m_id>
<m_type>NORMAL</m_type>
<m_time>86.5</m_time>
<m_position>4.1</m_position>
<m_width>1</m_width>
<m_subId>-1</m_subId>
</CMapNoteAsset>
<CMapNoteAsset>
<m_id>210</m_id>
<m_type>NORMAL</m_type>
<m_time>86.625</m_time>
<m_position>0.9</m_position>
<m_width>1</m_width>
<m_subId>-1</m_subId>
</CMapNoteAsset>
<CMapNoteAsset>
<m_id>211</m_id>
<m_type>NORMAL</m_type>
<m_time>86.75</m_time>
<m_position>2.8</m_position>
<m_width>1</m_width>
<m_subId>-1</m_subId>
</CMapNoteAsset>
<CMapNoteAsset>
<m_id>212</m_id>
<m_type>NORMAL</m_type>
<m_time>87</m_time>
<m_position>0</m_position>
<m_width>1</m_width>
<m_subId>-1</m_subId>
</CMapNoteAsset>
<CMapNoteAsset>
<m_id>213</m_id>
<m_type>NORMAL</m_type>
<m_time>87</m_time>
<m_position>2</m_position>
<m_width>1</m_width>
<m_subId>-1</m_subId>
</CMapNoteAsset>
<CMapNoteAsset>
<m_id>214</m_id>
<m_type>NORMAL</m_type>
<m_time>87.25</m_time>
<m_position>3.7</m_position>
<m_width>1</m_width>
<m_subId>-1</m_subId>
</CMapNoteAsset>
<CMapNoteAsset>
<m_id>215</m_id>
<m_type>NORMAL</m_type>
<m_time>87.5</m_time>
<m_position>1.1</m_position>
<m_width>1</m_width>
<m_subId>-1</m_subId>
</CMapNoteAsset>
<CMapNoteAsset>
<m_id>216</m_id>
<m_type>NORMAL</m_type>
<m_time>87.75</m_time>
<m_position>1.1</m_position>
<m_width>1</m_width>
<m_subId>-1</m_subId>
</CMapNoteAsset>
<CMapNoteAsset>
<m_id>217</m_id>
<m_type>NORMAL</m_type>
<m_time>88</m_time>
<m_position>2.2</m_position>
<m_width>1</m_width>
<m_subId>-1</m_subId>
</CMapNoteAsset>
<CMapNoteAsset>
<m_id>218</m_id>
<m_type>NORMAL</m_type>
<m_time>88</m_time>
<m_position>4.4</m_position>
<m_width>1</m_width>
<m_subId>-1</m_subId>
</CMapNoteAsset>
<CMapNoteAsset>
<m_id>219</m_id>
<m_type>NORMAL</m_type>
<m_time>88.25</m_time>
<m_position>0.2</m_position>
<m_width>1</m_width>
<m_subId>-1</m_subId>
</CMapNoteAsset>
<CMapNoteAsset>
<m_id>220</m_id>
<m_type>NORMAL</m_type>
<m_time>88.375</m_time>
<m_position>3.2</m_position>
<m_width>1</m_width>
<m_subId>-1</m_subId>
</CMapNoteAsset>
<CMapNoteAsset>
<m_id>221</m_id>
<m_type>NORMAL</m_type>
<m_time>88.5</m_time>
<m_position>0.2</m_position>
<m_width>1</m_width>
<m_subId>-1</m_subId>
</CMapNoteAsset>
<CMapNoteAsset>
<m_id>222</m_id>
<m_type>NORMAL</m_type>
<m_time>88.625</m_time>
<m_position>3.2</m_position>
<m_width>1</m_width>
<m_subId>-1</m_subId>
</CMapNoteAsset>
<CMapNoteAsset>
<m_id>223</m_id>
<m_type>NORMAL</m_type>
<m_time>88.75</m_time>
<m_position>1.6</m_position>
<m_width>1</m_width>
<m_subId>-1</m_subId>
</CMapNoteAsset>
<CMapNoteAsset>
<m_id>224</m_id>
<m_type>NORMAL</m_type>
<m_time>89</m_time>
<m_position>1</m_position>
<m_width>1</m_width>
<m_subId>-1</m_subId>
</CMapNoteAsset>
<CMapNoteAsset>
<m_id>225</m_id>
<m_type>NORMAL</m_type>
<m_time>89</m_time>
<m_position>4</m_position>
<m_width>1</m_width>
<m_subId>-1</m_subId>
</CMapNoteAsset>
<CMapNoteAsset>
<m_id>226</m_id>
<m_type>NORMAL</m_type>
<m_time>89.25</m_time>
<m_position>2.6</m_position>
<m_width>1</m_width>
<m_subId>-1</m_subId>
</CMapNoteAsset>
</m_notes>
</m_notes>
<m_notesLeft>
<m_notes>
<CMapNoteAsset>
<m_id>0</m_id>
<m_type>NORMAL</m_type>
<m_time>13</m_time>
<m_position>2.8</m_position>
<m_width>2</m_width>
<m_subId>-1</m_subId>
</CMapNoteAsset>
<CMapNoteAsset>
<m_id>1</m_id>
<m_type>HOLD</m_type>
<m_time>17</m_time>
<m_position>2.85</m_position>
<m_width>1.5</m_width>
<m_subId>2</m_subId>
</CMapNoteAsset>
<CMapNoteAsset>
<m_id>2</m_id>
<m_type>SUB</m_type>
<m_time>20.875</m_time>
<m_position>2.85</m_position>
<m_width>1.5</m_width>
<m_subId>-1</m_subId>
</CMapNoteAsset>
<CMapNoteAsset>
<m_id>3</m_id>
<m_type>NORMAL</m_type>
<m_time>25.25</m_time>
<m_position>2.5</m_position>
<m_width>2</m_width>
<m_subId>-1</m_subId>
</CMapNoteAsset>
<CMapNoteAsset>
<m_id>4</m_id>
<m_type>NORMAL</m_type>
<m_time>25.75</m_time>
<m_position>2.5</m_position>
<m_width>2</m_width>
<m_subId>-1</m_subId>
</CMapNoteAsset>
<CMapNoteAsset>
<m_id>5</m_id>
<m_type>NORMAL</m_type>
<m_time>26.25</m_time>
<m_position>2.5</m_position>
<m_width>2</m_width>
<m_subId>-1</m_subId>
</CMapNoteAsset>
<CMapNoteAsset>
<m_id>6</m_id>
<m_type>NORMAL</m_type>
<m_time>26.75</m_time>
<m_position>2.5</m_position>
<m_width>2</m_width>
<m_subId>-1</m_subId>
</CMapNoteAsset>
<CMapNoteAsset>
<m_id>7</m_id>
<m_type>NORMAL</m_type>
<m_time>27.25</m_time>
<m_position>0.8</m_position>
<m_width>2</m_width>
<m_subId>-1</m_subId>
</CMapNoteAsset>
<CMapNoteAsset>
<m_id>8</m_id>
<m_type>NORMAL</m_type>
<m_time>27.75</m_time>
<m_position>0.8</m_position>
<m_width>2</m_width>
<m_subId>-1</m_subId>
</CMapNoteAsset>
<CMapNoteAsset>
<m_id>9</m_id>
<m_type>NORMAL</m_type>
<m_time>28.25</m_time>
<m_position>0.8</m_position>
<m_width>2</m_width>
<m_subId>-1</m_subId>
</CMapNoteAsset>
<CMapNoteAsset>
<m_id>10</m_id>
<m_type>NORMAL</m_type>
<m_time>28.875</m_time>
<m_position>0.8</m_position>
<m_width>2</m_width>
<m_subId>-1</m_subId>
</CMapNoteAsset>
<CMapNoteAsset>
<m_id>11</m_id>
<m_type>NORMAL</m_type>
<m_time>32</m_time>
<m_position>-0.6</m_position>
<m_width>3</m_width>
<m_subId>-1</m_subId>
</CMapNoteAsset>
<CMapNoteAsset>
<m_id>12</m_id>
<m_type>NORMAL</m_type>
<m_time>32.25</m_time>
<m_position>-0.6</m_position>
<m_width>3</m_width>
<m_subId>-1</m_subId>
</CMapNoteAsset>
<CMapNoteAsset>
<m_id>13</m_id>
<m_type>NORMAL</m_type>
<m_time>32.5</m_time>
<m_position>2.7</m_position>
<m_width>3</m_width>
<m_subId>-1</m_subId>
</CMapNoteAsset>
<CMapNoteAsset>
<m_id>14</m_id>
<m_type>NORMAL</m_type>
<m_time>32.75</m_time>
<m_position>-0.6</m_position>
<m_width>3</m_width>
<m_subId>-1</m_subId>
</CMapNoteAsset>
<CMapNoteAsset>
<m_id>15</m_id>
<m_type>NORMAL</m_type>
<m_time>32.875</m_time>
<m_position>2.7</m_position>
<m_width>3</m_width>
<m_subId>-1</m_subId>
</CMapNoteAsset>
<CMapNoteAsset>
<m_id>16</m_id>
<m_type>NORMAL</m_type>
<m_time>34.125</m_time>
<m_position>3.25</m_position>
<m_width>1.5</m_width>
<m_subId>-1</m_subId>
</CMapNoteAsset>
<CMapNoteAsset>
<m_id>17</m_id>
<m_type>NORMAL</m_type>
<m_time>36.125</m_time>
<m_position>1.45</m_position>
<m_width>1.5</m_width>
<m_subId>-1</m_subId>
</CMapNoteAsset>
<CMapNoteAsset>
<m_id>18</m_id>
<m_type>NORMAL</m_type>
<m_time>38.125</m_time>
<m_position>3.65</m_position>
<m_width>1.5</m_width>
<m_subId>-1</m_subId>
</CMapNoteAsset>
<CMapNoteAsset>
<m_id>19</m_id>
<m_type>NORMAL</m_type>
<m_time>40.125</m_time>
<m_position>1.35</m_position>
<m_width>1.5</m_width>
<m_subId>-1</m_subId>
</CMapNoteAsset>
<CMapNoteAsset>
<m_id>20</m_id>
<m_type>NORMAL</m_type>
<m_time>41.375</m_time>
<m_position>0.5</m_position>
<m_width>2</m_width>
<m_subId>-1</m_subId>
</CMapNoteAsset>
<CMapNoteAsset>
<m_id>21</m_id>
<m_type>NORMAL</m_type>
<m_time>43.375</m_time>
<m_position>0.5</m_position>
<m_width>2</m_width>
<m_subId>-1</m_subId>
</CMapNoteAsset>
<CMapNoteAsset>
<m_id>22</m_id>
<m_type>NORMAL</m_type>
<m_time>45.375</m_time>
<m_position>0.5</m_position>
<m_width>2</m_width>
<m_subId>-1</m_subId>
</CMapNoteAsset>
<CMapNoteAsset>
<m_id>23</m_id>
<m_type>NORMAL</m_type>
<m_time>47.375</m_time>
<m_position>0.5</m_position>
<m_width>2</m_width>
<m_subId>-1</m_subId>
</CMapNoteAsset>
<CMapNoteAsset>
<m_id>24</m_id>
<m_type>HOLD</m_type>
<m_time>49</m_time>
<m_position>3.25</m_position>
<m_width>1.3</m_width>
<m_subId>25</m_subId>
</CMapNoteAsset>
<CMapNoteAsset>
<m_id>25</m_id>
<m_type>SUB</m_type>
<m_time>53</m_time>
<m_position>3.25</m_position>
<m_width>1.3</m_width>
<m_subId>-1</m_subId>
</CMapNoteAsset>
<CMapNoteAsset>
<m_id>26</m_id>
<m_type>NORMAL</m_type>
<m_time>61.5</m_time>
<m_position>0.7</m_position>
<m_width>2</m_width>
<m_subId>-1</m_subId>
</CMapNoteAsset>
<CMapNoteAsset>
<m_id>27</m_id>
<m_type>NORMAL</m_type>
<m_time>61.875</m_time>
<m_position>-0.6</m_position>
<m_width>2</m_width>
<m_subId>-1</m_subId>
</CMapNoteAsset>
<CMapNoteAsset>
<m_id>28</m_id>
<m_type>NORMAL</m_type>
<m_time>62.25</m_time>
<m_position>0.8</m_position>
<m_width>2</m_width>
<m_subId>-1</m_subId>
</CMapNoteAsset>
<CMapNoteAsset>
<m_id>29</m_id>
<m_type>NORMAL</m_type>
<m_time>62.625</m_time>
<m_position>1.4</m_position>
<m_width>2</m_width>
<m_subId>-1</m_subId>
</CMapNoteAsset>
<CMapNoteAsset>
<m_id>30</m_id>
<m_type>NORMAL</m_type>
<m_time>63</m_time>
<m_position>1.8</m_position>
<m_width>2</m_width>
<m_subId>-1</m_subId>
</CMapNoteAsset>
<CMapNoteAsset>
<m_id>31</m_id>
<m_type>NORMAL</m_type>
<m_time>63.25</m_time>
<m_position>2.3</m_position>
<m_width>2</m_width>
<m_subId>-1</m_subId>
</CMapNoteAsset>
<CMapNoteAsset>
<m_id>32</m_id>
<m_type>NORMAL</m_type>
<m_time>63.5</m_time>
<m_position>2.8</m_position>
<m_width>2</m_width>
<m_subId>-1</m_subId>
</CMapNoteAsset>
<CMapNoteAsset>
<m_id>33</m_id>
<m_type>NORMAL</m_type>
<m_time>63.875</m_time>
<m_position>3.8</m_position>
<m_width>2</m_width>
<m_subId>-1</m_subId>
</CMapNoteAsset>
<CMapNoteAsset>
<m_id>34</m_id>
<m_type>NORMAL</m_type>
<m_time>64.25</m_time>
<m_position>2.8</m_position>
<m_width>2</m_width>
<m_subId>-1</m_subId>
</CMapNoteAsset>
<CMapNoteAsset>
<m_id>35</m_id>
<m_type>NORMAL</m_type>
<m_time>64.625</m_time>
<m_position>1.6</m_position>
<m_width>2</m_width>
<m_subId>-1</m_subId>
</CMapNoteAsset>
<CMapNoteAsset>
<m_id>36</m_id>
<m_type>NORMAL</m_type>
<m_time>65</m_time>
<m_position>-0.2</m_position>
<m_width>2</m_width>
<m_subId>-1</m_subId>
</CMapNoteAsset>
<CMapNoteAsset>
<m_id>37</m_id>
<m_type>NORMAL</m_type>
<m_time>65.25</m_time>
<m_position>1.1</m_position>
<m_width>2</m_width>
<m_subId>-1</m_subId>
</CMapNoteAsset>
<CMapNoteAsset>
<m_id>38</m_id>
<m_type>NORMAL</m_type>
<m_time>70</m_time>
<m_position>2.25</m_position>
<m_width>2.5</m_width>
<m_subId>-1</m_subId>
</CMapNoteAsset>
<CMapNoteAsset>
<m_id>39</m_id>
<m_type>NORMAL</m_type>
<m_time>71</m_time>
<m_position>2.25</m_position>
<m_width>2.5</m_width>
<m_subId>-1</m_subId>
</CMapNoteAsset>
<CMapNoteAsset>
<m_id>40</m_id>
<m_type>NORMAL</m_type>
<m_time>72</m_time>
<m_position>2.25</m_position>
<m_width>2.5</m_width>
<m_subId>-1</m_subId>
</CMapNoteAsset>
<CMapNoteAsset>
<m_id>41</m_id>
<m_type>NORMAL</m_type>
<m_time>73</m_time>
<m_position>2.25</m_position>
<m_width>2.5</m_width>
<m_subId>-1</m_subId>
</CMapNoteAsset>
<CMapNoteAsset>
<m_id>42</m_id>
<m_type>NORMAL</m_type>
<m_time>77.5</m_time>
<m_position>-0.2</m_position>
<m_width>2</m_width>
<m_subId>-1</m_subId>
</CMapNoteAsset>
<CMapNoteAsset>
<m_id>43</m_id>
<m_type>NORMAL</m_type>
<m_time>77.875</m_time>
<m_position>1.1</m_position>
<m_width>2</m_width>
<m_subId>-1</m_subId>
</CMapNoteAsset>
<CMapNoteAsset>
<m_id>44</m_id>
<m_type>NORMAL</m_type>
<m_time>78.25</m_time>
<m_position>2.3</m_position>
<m_width>2</m_width>
<m_subId>-1</m_subId>
</CMapNoteAsset>
<CMapNoteAsset>
<m_id>45</m_id>
<m_type>NORMAL</m_type>
<m_time>78.625</m_time>
<m_position>0.7</m_position>
<m_width>2</m_width>
<m_subId>-1</m_subId>
</CMapNoteAsset>
<CMapNoteAsset>
<m_id>46</m_id>
<m_type>NORMAL</m_type>
<m_time>79</m_time>
<m_position>2.8</m_position>
<m_width>2</m_width>
<m_subId>-1</m_subId>
</CMapNoteAsset>
<CMapNoteAsset>
<m_id>47</m_id>
<m_type>NORMAL</m_type>
<m_time>79.25</m_time>
<m_position>1.3</m_position>
<m_width>2</m_width>
<m_subId>-1</m_subId>
</CMapNoteAsset>
<CMapNoteAsset>
<m_id>48</m_id>
<m_type>NORMAL</m_type>
<m_time>79.5</m_time>
<m_position>3.7</m_position>
<m_width>2</m_width>
<m_subId>-1</m_subId>
</CMapNoteAsset>
<CMapNoteAsset>
<m_id>49</m_id>
<m_type>NORMAL</m_type>
<m_time>79.875</m_time>
<m_position>0.3</m_position>
<m_width>2</m_width>
<m_subId>-1</m_subId>
</CMapNoteAsset>
<CMapNoteAsset>
<m_id>50</m_id>
<m_type>NORMAL</m_type>
<m_time>80.25</m_time>
<m_position>3.5</m_position>
<m_width>2</m_width>
<m_subId>-1</m_subId>
</CMapNoteAsset>
<CMapNoteAsset>
<m_id>51</m_id>
<m_type>NORMAL</m_type>
<m_time>80.625</m_time>
<m_position>2.2</m_position>
<m_width>2</m_width>
<m_subId>-1</m_subId>
</CMapNoteAsset>
<CMapNoteAsset>
<m_id>52</m_id>
<m_type>NORMAL</m_type>
<m_time>81</m_time>
<m_position>0</m_position>
<m_width>2</m_width>
<m_subId>-1</m_subId>
</CMapNoteAsset>
<CMapNoteAsset>
<m_id>53</m_id>
<m_type>NORMAL</m_type>
<m_time>81.25</m_time>
<m_position>1.6</m_position>
<m_width>2</m_width>
<m_subId>-1</m_subId>
</CMapNoteAsset>
<CMapNoteAsset>
<m_id>54</m_id>
<m_type>NORMAL</m_type>
<m_time>82</m_time>
<m_position>2.35</m_position>
<m_width>2.5</m_width>
<m_subId>-1</m_subId>
</CMapNoteAsset>
<CMapNoteAsset>
<m_id>55</m_id>
<m_type>NORMAL</m_type>
<m_time>83</m_time>
<m_position>0.05</m_position>
<m_width>2.5</m_width>
<m_subId>-1</m_subId>
</CMapNoteAsset>
<CMapNoteAsset>
<m_id>56</m_id>
<m_type>NORMAL</m_type>
<m_time>84</m_time>
<m_position>2.85</m_position>
<m_width>2.5</m_width>
<m_subId>-1</m_subId>
</CMapNoteAsset>
<CMapNoteAsset>
<m_id>57</m_id>
<m_type>NORMAL</m_type>
<m_time>85</m_time>
<m_position>1.15</m_position>
<m_width>2.5</m_width>
<m_subId>-1</m_subId>
</CMapNoteAsset>
<CMapNoteAsset>
<m_id>58</m_id>
<m_type>NORMAL</m_type>
<m_time>89.5</m_time>
<m_position>-0.4</m_position>
<m_width>2</m_width>
<m_subId>-1</m_subId>
</CMapNoteAsset>
<CMapNoteAsset>
<m_id>59</m_id>
<m_type>NORMAL</m_type>
<m_time>89.875</m_time>
<m_position>0.5</m_position>
<m_width>2</m_width>
<m_subId>-1</m_subId>
</CMapNoteAsset>
<CMapNoteAsset>
<m_id>60</m_id>
<m_type>NORMAL</m_type>
<m_time>90.25</m_time>
<m_position>1.5</m_position>
<m_width>2</m_width>
<m_subId>-1</m_subId>
</CMapNoteAsset>
<CMapNoteAsset>
<m_id>61</m_id>
<m_type>NORMAL</m_type>
<m_time>90.625</m_time>
<m_position>2.5</m_position>
<m_width>2</m_width>
<m_subId>-1</m_subId>
</CMapNoteAsset>
<CMapNoteAsset>
<m_id>62</m_id>
<m_type>NORMAL</m_type>
<m_time>91</m_time>
<m_position>1.2</m_position>
<m_width>2</m_width>
<m_subId>-1</m_subId>
</CMapNoteAsset>
<CMapNoteAsset>
<m_id>63</m_id>
<m_type>NORMAL</m_type>
<m_time>91.25</m_time>
<m_position>2.3</m_position>
<m_width>2</m_width>
<m_subId>-1</m_subId>
</CMapNoteAsset>
<CMapNoteAsset>
<m_id>64</m_id>
<m_type>NORMAL</m_type>
<m_time>91.5</m_time>
<m_position>2.7</m_position>
<m_width>2</m_width>
<m_subId>-1</m_subId>
</CMapNoteAsset>
<CMapNoteAsset>
<m_id>65</m_id>
<m_type>NORMAL</m_type>
<m_time>91.875</m_time>
<m_position>3.5</m_position>
<m_width>2</m_width>
<m_subId>-1</m_subId>
</CMapNoteAsset>
<CMapNoteAsset>
<m_id>66</m_id>
<m_type>NORMAL</m_type>
<m_time>92.25</m_time>
<m_position>2.4</m_position>
<m_width>2</m_width>
<m_subId>-1</m_subId>
</CMapNoteAsset>
<CMapNoteAsset>
<m_id>67</m_id>
<m_type>NORMAL</m_type>
<m_time>92.625</m_time>
<m_position>1</m_position>
<m_width>2</m_width>
<m_subId>-1</m_subId>
</CMapNoteAsset>
<CMapNoteAsset>
<m_id>68</m_id>
<m_type>NORMAL</m_type>
<m_time>93</m_time>
<m_position>-0.3</m_position>
<m_width>2</m_width>
<m_subId>-1</m_subId>
</CMapNoteAsset>
<CMapNoteAsset>
<m_id>69</m_id>
<m_type>NORMAL</m_type>
<m_time>93.25</m_time>
<m_position>0.7</m_position>
<m_width>2</m_width>
<m_subId>-1</m_subId>
</CMapNoteAsset>
<CMapNoteAsset>
<m_id>70</m_id>
<m_type>HOLD</m_type>
<m_time>94</m_time>
<m_position>3.975</m_position>
<m_width>1.25</m_width>
<m_subId>71</m_subId>
</CMapNoteAsset>
<CMapNoteAsset>
<m_id>71</m_id>
<m_type>SUB</m_type>
<m_time>98</m_time>
<m_position>3.975</m_position>
<m_width>1.25</m_width>
<m_subId>-1</m_subId>
</CMapNoteAsset>
</m_notes>
</m_notesLeft>
<m_notesRight>
<m_notes>
<CMapNoteAsset>
<m_id>0</m_id>
<m_type>NORMAL</m_type>
<m_time>9</m_time>
<m_position>2.2</m_position>
<m_width>2</m_width>
<m_subId>-1</m_subId>
</CMapNoteAsset>
<CMapNoteAsset>
<m_id>1</m_id>
<m_type>HOLD</m_type>
<m_time>21</m_time>
<m_position>1.25</m_position>
<m_width>1.5</m_width>
<m_subId>2</m_subId>
</CMapNoteAsset>
<CMapNoteAsset>
<m_id>2</m_id>
<m_type>SUB</m_type>
<m_time>24.875</m_time>
<m_position>1.25</m_position>
<m_width>1.5</m_width>
<m_subId>-1</m_subId>
</CMapNoteAsset>
<CMapNoteAsset>
<m_id>3</m_id>
<m_type>NORMAL</m_type>
<m_time>29.25</m_time>
<m_position>2.9</m_position>
<m_width>2</m_width>
<m_subId>-1</m_subId>
</CMapNoteAsset>
<CMapNoteAsset>
<m_id>4</m_id>
<m_type>NORMAL</m_type>
<m_time>29.75</m_time>
<m_position>2.9</m_position>
<m_width>2</m_width>
<m_subId>-1</m_subId>
</CMapNoteAsset>
<CMapNoteAsset>
<m_id>5</m_id>
<m_type>NORMAL</m_type>
<m_time>30.25</m_time>
<m_position>2.9</m_position>
<m_width>2</m_width>
<m_subId>-1</m_subId>
</CMapNoteAsset>
<CMapNoteAsset>
<m_id>6</m_id>
<m_type>NORMAL</m_type>
<m_time>30.75</m_time>
<m_position>2.9</m_position>
<m_width>2</m_width>
<m_subId>-1</m_subId>
</CMapNoteAsset>
<CMapNoteAsset>
<m_id>7</m_id>
<m_type>NORMAL</m_type>
<m_time>31.125</m_time>
<m_position>2.9</m_position>
<m_width>2</m_width>
<m_subId>-1</m_subId>
</CMapNoteAsset>
<CMapNoteAsset>
<m_id>8</m_id>
<m_type>NORMAL</m_type>
<m_time>31.5</m_time>
<m_position>2.9</m_position>
<m_width>2</m_width>
<m_subId>-1</m_subId>
</CMapNoteAsset>
<CMapNoteAsset>
<m_id>9</m_id>
<m_type>NORMAL</m_type>
<m_time>31.875</m_time>
<m_position>2.9</m_position>
<m_width>2</m_width>
<m_subId>-1</m_subId>
</CMapNoteAsset>
<CMapNoteAsset>
<m_id>10</m_id>
<m_type>NORMAL</m_type>
<m_time>33.375</m_time>
<m_position>0.5</m_position>
<m_width>2</m_width>
<m_subId>-1</m_subId>
</CMapNoteAsset>
<CMapNoteAsset>
<m_id>11</m_id>
<m_type>NORMAL</m_type>
<m_time>35.375</m_time>
<m_position>0.5</m_position>
<m_width>2</m_width>
<m_subId>-1</m_subId>
</CMapNoteAsset>
<CMapNoteAsset>
<m_id>12</m_id>
<m_type>NORMAL</m_type>
<m_time>37.375</m_time>
<m_position>0.5</m_position>
<m_width>2</m_width>
<m_subId>-1</m_subId>
</CMapNoteAsset>
<CMapNoteAsset>
<m_id>13</m_id>
<m_type>NORMAL</m_type>
<m_time>39.375</m_time>
<m_position>0.5</m_position>
<m_width>2</m_width>
<m_subId>-1</m_subId>
</CMapNoteAsset>
<CMapNoteAsset>
<m_id>14</m_id>
<m_type>NORMAL</m_type>
<m_time>42.125</m_time>
<m_position>3.55</m_position>
<m_width>1.5</m_width>
<m_subId>-1</m_subId>
</CMapNoteAsset>
<CMapNoteAsset>
<m_id>15</m_id>
<m_type>NORMAL</m_type>
<m_time>44.125</m_time>
<m_position>1.45</m_position>
<m_width>1.5</m_width>
<m_subId>-1</m_subId>
</CMapNoteAsset>
<CMapNoteAsset>
<m_id>16</m_id>
<m_type>NORMAL</m_type>
<m_time>46.125</m_time>
<m_position>3.85</m_position>
<m_width>1.5</m_width>
<m_subId>-1</m_subId>
</CMapNoteAsset>
<CMapNoteAsset>
<m_id>17</m_id>
<m_type>HOLD</m_type>
<m_time>46.875</m_time>
<m_position>3.325</m_position>
<m_width>1.75</m_width>
<m_subId>18</m_subId>
</CMapNoteAsset>
<CMapNoteAsset>
<m_id>18</m_id>
<m_type>SUB</m_type>
<m_time>47.375</m_time>
<m_position>3.325</m_position>
<m_width>1.75</m_width>
<m_subId>-1</m_subId>
</CMapNoteAsset>
<CMapNoteAsset>
<m_id>19</m_id>
<m_type>HOLD</m_type>
<m_time>47.5</m_time>
<m_position>0.725</m_position>
<m_width>1.75</m_width>
<m_subId>20</m_subId>
</CMapNoteAsset>
<CMapNoteAsset>
<m_id>20</m_id>
<m_type>SUB</m_type>
<m_time>47.875</m_time>
<m_position>0.725</m_position>
<m_width>1.75</m_width>
<m_subId>-1</m_subId>
</CMapNoteAsset>
<CMapNoteAsset>
<m_id>21</m_id>
<m_type>HOLD</m_type>
<m_time>48</m_time>
<m_position>2.125</m_position>
<m_width>1.75</m_width>
<m_subId>22</m_subId>
</CMapNoteAsset>
<CMapNoteAsset>
<m_id>22</m_id>
<m_type>SUB</m_type>
<m_time>48.875</m_time>
<m_position>2.125</m_position>
<m_width>1.75</m_width>
<m_subId>-1</m_subId>
</CMapNoteAsset>
<CMapNoteAsset>
<m_id>23</m_id>
<m_type>NORMAL</m_type>
<m_time>65.5</m_time>
<m_position>-0.7</m_position>
<m_width>2</m_width>
<m_subId>-1</m_subId>
</CMapNoteAsset>
<CMapNoteAsset>
<m_id>24</m_id>
<m_type>NORMAL</m_type>
<m_time>65.875</m_time>
<m_position>0.4</m_position>
<m_width>2</m_width>
<m_subId>-1</m_subId>
</CMapNoteAsset>
<CMapNoteAsset>
<m_id>25</m_id>
<m_type>NORMAL</m_type>
<m_time>66.25</m_time>
<m_position>1.1</m_position>
<m_width>2</m_width>
<m_subId>-1</m_subId>
</CMapNoteAsset>
<CMapNoteAsset>
<m_id>26</m_id>
<m_type>NORMAL</m_type>
<m_time>66.625</m_time>
<m_position>1.4</m_position>
<m_width>2</m_width>
<m_subId>-1</m_subId>
</CMapNoteAsset>
<CMapNoteAsset>
<m_id>27</m_id>
<m_type>NORMAL</m_type>
<m_time>67</m_time>
<m_position>1.9</m_position>
<m_width>2</m_width>
<m_subId>-1</m_subId>
</CMapNoteAsset>
<CMapNoteAsset>
<m_id>28</m_id>
<m_type>NORMAL</m_type>
<m_time>67.25</m_time>
<m_position>2.4</m_position>
<m_width>2</m_width>
<m_subId>-1</m_subId>
</CMapNoteAsset>
<CMapNoteAsset>
<m_id>29</m_id>
<m_type>NORMAL</m_type>
<m_time>67.5</m_time>
<m_position>2.9</m_position>
<m_width>2</m_width>
<m_subId>-1</m_subId>
</CMapNoteAsset>
<CMapNoteAsset>
<m_id>30</m_id>
<m_type>NORMAL</m_type>
<m_time>67.875</m_time>
<m_position>3.7</m_position>
<m_width>2</m_width>
<m_subId>-1</m_subId>
</CMapNoteAsset>
<CMapNoteAsset>
<m_id>31</m_id>
<m_type>NORMAL</m_type>
<m_time>68.25</m_time>
<m_position>2.5</m_position>
<m_width>2</m_width>
<m_subId>-1</m_subId>
</CMapNoteAsset>
<CMapNoteAsset>
<m_id>32</m_id>
<m_type>NORMAL</m_type>
<m_time>68.625</m_time>
<m_position>1.4</m_position>
<m_width>2</m_width>
<m_subId>-1</m_subId>
</CMapNoteAsset>
<CMapNoteAsset>
<m_id>33</m_id>
<m_type>NORMAL</m_type>
<m_time>69</m_time>
<m_position>-0.2</m_position>
<m_width>2</m_width>
<m_subId>-1</m_subId>
</CMapNoteAsset>
<CMapNoteAsset>
<m_id>34</m_id>
<m_type>NORMAL</m_type>
<m_time>69.25</m_time>
<m_position>1.3</m_position>
<m_width>2</m_width>
<m_subId>-1</m_subId>
</CMapNoteAsset>
<CMapNoteAsset>
<m_id>35</m_id>
<m_type>NORMAL</m_type>
<m_time>74</m_time>
<m_position>2.55</m_position>
<m_width>2.5</m_width>
<m_subId>-1</m_subId>
</CMapNoteAsset>
<CMapNoteAsset>
<m_id>36</m_id>
<m_type>NORMAL</m_type>
<m_time>75</m_time>
<m_position>2.55</m_position>
<m_width>2.5</m_width>
<m_subId>-1</m_subId>
</CMapNoteAsset>
<CMapNoteAsset>
<m_id>37</m_id>
<m_type>NORMAL</m_type>
<m_time>76</m_time>
<m_position>2.55</m_position>
<m_width>2.5</m_width>
<m_subId>-1</m_subId>
</CMapNoteAsset>
<CMapNoteAsset>
<m_id>38</m_id>
<m_type>NORMAL</m_type>
<m_time>77</m_time>
<m_position>2.55</m_position>
<m_width>2.5</m_width>
<m_subId>-1</m_subId>
</CMapNoteAsset>
<CMapNoteAsset>
<m_id>39</m_id>
<m_type>NORMAL</m_type>
<m_time>78</m_time>
<m_position>2.65</m_position>
<m_width>2.5</m_width>
<m_subId>-1</m_subId>
</CMapNoteAsset>
<CMapNoteAsset>
<m_id>40</m_id>
<m_type>NORMAL</m_type>
<m_time>79</m_time>
<m_position>0.55</m_position>
<m_width>2.5</m_width>
<m_subId>-1</m_subId>
</CMapNoteAsset>
<CMapNoteAsset>
<m_id>41</m_id>
<m_type>NORMAL</m_type>
<m_time>80</m_time>
<m_position>2.65</m_position>
<m_width>2.5</m_width>
<m_subId>-1</m_subId>
</CMapNoteAsset>
<CMapNoteAsset>
<m_id>42</m_id>
<m_type>NORMAL</m_type>
<m_time>81</m_time>
<m_position>0.35</m_position>
<m_width>2.5</m_width>
<m_subId>-1</m_subId>
</CMapNoteAsset>
<CMapNoteAsset>
<m_id>43</m_id>
<m_type>NORMAL</m_type>
<m_time>81.5</m_time>
<m_position>3.2</m_position>
<m_width>2</m_width>
<m_subId>-1</m_subId>
</CMapNoteAsset>
<CMapNoteAsset>
<m_id>44</m_id>
<m_type>NORMAL</m_type>
<m_time>81.875</m_time>
<m_position>-0.2</m_position>
<m_width>2</m_width>
<m_subId>-1</m_subId>
</CMapNoteAsset>
<CMapNoteAsset>
<m_id>45</m_id>
<m_type>NORMAL</m_type>
<m_time>82.25</m_time>
<m_position>1.4</m_position>
<m_width>2</m_width>
<m_subId>-1</m_subId>
</CMapNoteAsset>
<CMapNoteAsset>
<m_id>46</m_id>
<m_type>NORMAL</m_type>
<m_time>82.625</m_time>
<m_position>2.5</m_position>
<m_width>2</m_width>
<m_subId>-1</m_subId>
</CMapNoteAsset>
<CMapNoteAsset>
<m_id>47</m_id>
<m_type>NORMAL</m_type>
<m_time>83</m_time>
<m_position>2.6</m_position>
<m_width>2</m_width>
<m_subId>-1</m_subId>
</CMapNoteAsset>
<CMapNoteAsset>
<m_id>48</m_id>
<m_type>NORMAL</m_type>
<m_time>83.25</m_time>
<m_position>3.4</m_position>
<m_width>2</m_width>
<m_subId>-1</m_subId>
</CMapNoteAsset>
<CMapNoteAsset>
<m_id>49</m_id>
<m_type>NORMAL</m_type>
<m_time>83.5</m_time>
<m_position>0.7</m_position>
<m_width>2</m_width>
<m_subId>-1</m_subId>
</CMapNoteAsset>
<CMapNoteAsset>
<m_id>50</m_id>
<m_type>NORMAL</m_type>
<m_time>83.875</m_time>
<m_position>2.6</m_position>
<m_width>2</m_width>
<m_subId>-1</m_subId>
</CMapNoteAsset>
<CMapNoteAsset>
<m_id>51</m_id>
<m_type>NORMAL</m_type>
<m_time>84.25</m_time>
<m_position>1.2</m_position>
<m_width>2</m_width>
<m_subId>-1</m_subId>
</CMapNoteAsset>
<CMapNoteAsset>
<m_id>52</m_id>
<m_type>NORMAL</m_type>
<m_time>84.625</m_time>
<m_position>-0.2</m_position>
<m_width>2</m_width>
<m_subId>-1</m_subId>
</CMapNoteAsset>
<CMapNoteAsset>
<m_id>53</m_id>
<m_type>NORMAL</m_type>
<m_time>85</m_time>
<m_position>2.6</m_position>
<m_width>2</m_width>
<m_subId>-1</m_subId>
</CMapNoteAsset>
<CMapNoteAsset>
<m_id>54</m_id>
<m_type>NORMAL</m_type>
<m_time>85.25</m_time>
<m_position>0.9</m_position>
<m_width>2</m_width>
<m_subId>-1</m_subId>
</CMapNoteAsset>
<CMapNoteAsset>
<m_id>55</m_id>
<m_type>NORMAL</m_type>
<m_time>89.5</m_time>
<m_position>-0.2</m_position>
<m_width>2</m_width>
<m_subId>-1</m_subId>
</CMapNoteAsset>
<CMapNoteAsset>
<m_id>56</m_id>
<m_type>NORMAL</m_type>
<m_time>89.875</m_time>
<m_position>0.6</m_position>
<m_width>2</m_width>
<m_subId>-1</m_subId>
</CMapNoteAsset>
<CMapNoteAsset>
<m_id>57</m_id>
<m_type>NORMAL</m_type>
<m_time>90.25</m_time>
<m_position>1.7</m_position>
<m_width>2</m_width>
<m_subId>-1</m_subId>
</CMapNoteAsset>
<CMapNoteAsset>
<m_id>58</m_id>
<m_type>NORMAL</m_type>
<m_time>90.625</m_time>
<m_position>0.6</m_position>
<m_width>2</m_width>
<m_subId>-1</m_subId>
</CMapNoteAsset>
<CMapNoteAsset>
<m_id>59</m_id>
<m_type>NORMAL</m_type>
<m_time>91</m_time>
<m_position>2.3</m_position>
<m_width>2</m_width>
<m_subId>-1</m_subId>
</CMapNoteAsset>
<CMapNoteAsset>
<m_id>60</m_id>
<m_type>NORMAL</m_type>
<m_time>91.25</m_time>
<m_position>2.6</m_position>
<m_width>2</m_width>
<m_subId>-1</m_subId>
</CMapNoteAsset>
<CMapNoteAsset>
<m_id>61</m_id>
<m_type>NORMAL</m_type>
<m_time>91.5</m_time>
<m_position>2.8</m_position>
<m_width>2</m_width>
<m_subId>-1</m_subId>
</CMapNoteAsset>
<CMapNoteAsset>
<m_id>62</m_id>
<m_type>NORMAL</m_type>
<m_time>91.875</m_time>
<m_position>3.6</m_position>
<m_width>2</m_width>
<m_subId>-1</m_subId>
</CMapNoteAsset>
<CMapNoteAsset>
<m_id>63</m_id>
<m_type>NORMAL</m_type>
<m_time>92.25</m_time>
<m_position>2.2</m_position>
<m_width>2</m_width>
<m_subId>-1</m_subId>
</CMapNoteAsset>
<CMapNoteAsset>
<m_id>64</m_id>
<m_type>NORMAL</m_type>
<m_time>92.625</m_time>
<m_position>0.4</m_position>
<m_width>2</m_width>
<m_subId>-1</m_subId>
</CMapNoteAsset>
<CMapNoteAsset>
<m_id>65</m_id>
<m_type>NORMAL</m_type>
<m_time>93</m_time>
<m_position>2.6</m_position>
<m_width>2</m_width>
<m_subId>-1</m_subId>
</CMapNoteAsset>
<CMapNoteAsset>
<m_id>66</m_id>
<m_type>NORMAL</m_type>
<m_time>93.25</m_time>
<m_position>1.2</m_position>
<m_width>2</m_width>
<m_subId>-1</m_subId>
</CMapNoteAsset>
</m_notes>
</m_notesRight>
<m_argument>
<m_bpmchange>
<CBpmchange>
<m_time>0</m_time>
<m_value>42.5</m_value>
</CBpmchange>
</m_bpmchange>
</m_argument>
</CMap>
