<?xml version="1.0" encoding="UTF-8" ?>
<CMap xmlns:xsi="http://www.w3.org/2001/XMLSchema-instance" xmlns:xsd="http://www.w3.org/2001/XMLSchema">
<m_path>チョウの標本</m_path>
<m_barPerMin>42.5</m_barPerMin>
<m_timeOffset>0</m_timeOffset>
<m_leftRegion>MIXER</m_leftRegion>
<m_rightRegion>MIXER</m_rightRegion>
<m_mapID>_map_チョウの標本_C</m_mapID>
<m_notes>
<m_notes>
<CMapNoteAsset>
<m_id>0</m_id>
<m_type>NORMAL</m_type>
<m_time>1</m_time>
<m_position>3.85</m_position>
<m_width>0.7</m_width>
<m_subId>-1</m_subId>
<status>Perfect</status>
</CMapNoteAsset>
<CMapNoteAsset>
<m_id>1</m_id>
<m_type>NORMAL</m_type>
<m_time>5</m_time>
<m_position>0.45</m_position>
<m_width>0.7</m_width>
<m_subId>-1</m_subId>
<status>Perfect</status>
</CMapNoteAsset>
<CMapNoteAsset>
<m_id>2</m_id>
<m_type>NORMAL</m_type>
<m_time>9.25</m_time>
<m_position>0.5</m_position>
<m_width>1</m_width>
<m_subId>-1</m_subId>
<status>Perfect</status>
</CMapNoteAsset>
<CMapNoteAsset>
<m_id>3</m_id>
<m_type>NORMAL</m_type>
<m_time>9.75</m_time>
<m_position>0.5</m_position>
<m_width>1</m_width>
<m_subId>-1</m_subId>
<status>Perfect</status>
</CMapNoteAsset>
<CMapNoteAsset>
<m_id>4</m_id>
<m_type>NORMAL</m_type>
<m_time>10.25</m_time>
<m_position>0.5</m_position>
<m_width>1</m_width>
<m_subId>-1</m_subId>
<status>Perfect</status>
</CMapNoteAsset>
<CMapNoteAsset>
<m_id>5</m_id>
<m_type>NORMAL</m_type>
<m_time>10.75</m_time>
<m_position>0.5</m_position>
<m_width>1</m_width>
<m_subId>-1</m_subId>
<status>Perfect</status>
</CMapNoteAsset>
<CMapNoteAsset>
<m_id>6</m_id>
<m_type>NORMAL</m_type>
<m_time>11.25</m_time>
<m_position>0.5</m_position>
<m_width>1</m_width>
<m_subId>-1</m_subId>
<status>Perfect</status>
</CMapNoteAsset>
<CMapNoteAsset>
<m_id>7</m_id>
<m_type>NORMAL</m_type>
<m_time>11.75</m_time>
<m_position>0.5</m_position>
<m_width>1</m_width>
<m_subId>-1</m_subId>
<status>Perfect</status>
</CMapNoteAsset>
<CMapNoteAsset>
<m_id>8</m_id>
<m_type>NORMAL</m_type>
<m_time>12.25</m_time>
<m_position>0.5</m_position>
<m_width>1</m_width>
<m_subId>-1</m_subId>
<status>Perfect</status>
</CMapNoteAsset>
<CMapNoteAsset>
<m_id>9</m_id>
<m_type>NORMAL</m_type>
<m_time>12.75</m_time>
<m_position>0.5</m_position>
<m_width>1</m_width>
<m_subId>-1</m_subId>
<status>Perfect</status>
</CMapNoteAsset>
<CMapNoteAsset>
<m_id>10</m_id>
<m_type>NORMAL</m_type>
<m_time>13.25</m_time>
<m_position>3.4</m_position>
<m_width>1</m_width>
<m_subId>-1</m_subId>
<status>Perfect</status>
</CMapNoteAsset>
<CMapNoteAsset>
<m_id>11</m_id>
<m_type>NORMAL</m_type>
<m_time>13.75</m_time>
<m_position>3.4</m_position>
<m_width>1</m_width>
<m_subId>-1</m_subId>
<status>Perfect</status>
</CMapNoteAsset>
<CMapNoteAsset>
<m_id>12</m_id>
<m_type>NORMAL</m_type>
<m_time>14.25</m_time>
<m_position>3.4</m_position>
<m_width>1</m_width>
<m_subId>-1</m_subId>
<status>Perfect</status>
</CMapNoteAsset>
<CMapNoteAsset>
<m_id>13</m_id>
<m_type>NORMAL</m_type>
<m_time>14.75</m_time>
<m_position>3.4</m_position>
<m_width>1</m_width>
<m_subId>-1</m_subId>
<status>Perfect</status>
</CMapNoteAsset>
<CMapNoteAsset>
<m_id>14</m_id>
<m_type>CHAIN</m_type>
<m_time>15.125</m_time>
<m_position>3.4</m_position>
<m_width>1</m_width>
<m_subId>-1</m_subId>
<status>Perfect</status>
</CMapNoteAsset>
<CMapNoteAsset>
<m_id>15</m_id>
<m_type>CHAIN</m_type>
<m_time>15.5</m_time>
<m_position>3.4</m_position>
<m_width>1</m_width>
<m_subId>-1</m_subId>
<status>Perfect</status>
</CMapNoteAsset>
<CMapNoteAsset>
<m_id>16</m_id>
<m_type>CHAIN</m_type>
<m_time>15.875</m_time>
<m_position>3.4</m_position>
<m_width>1</m_width>
<m_subId>-1</m_subId>
<status>Perfect</status>
</CMapNoteAsset>
<CMapNoteAsset>
<m_id>17</m_id>
<m_type>NORMAL</m_type>
<m_time>23.25</m_time>
<m_position>3.4</m_position>
<m_width>1</m_width>
<m_subId>-1</m_subId>
<status>Perfect</status>
</CMapNoteAsset>
<CMapNoteAsset>
<m_id>18</m_id>
<m_type>NORMAL</m_type>
<m_time>23.75</m_time>
<m_position>3.4</m_position>
<m_width>1</m_width>
<m_subId>-1</m_subId>
<status>Perfect</status>
</CMapNoteAsset>
<CMapNoteAsset>
<m_id>19</m_id>
<m_type>NORMAL</m_type>
<m_time>24.25</m_time>
<m_position>3.4</m_position>
<m_width>1</m_width>
<m_subId>-1</m_subId>
<status>Perfect</status>
</CMapNoteAsset>
<CMapNoteAsset>
<m_id>20</m_id>
<m_type>NORMAL</m_type>
<m_time>24.75</m_time>
<m_position>3.4</m_position>
<m_width>1</m_width>
<m_subId>-1</m_subId>
<status>Perfect</status>
</CMapNoteAsset>
<CMapNoteAsset>
<m_id>21</m_id>
<m_type>NORMAL</m_type>
<m_time>31.125</m_time>
<m_position>3.6</m_position>
<m_width>1</m_width>
<m_subId>-1</m_subId>
</CMapNoteAsset>
<CMapNoteAsset>
<m_id>22</m_id>
<m_type>NORMAL</m_type>
<m_time>31.5</m_time>
<m_position>3.6</m_position>
<m_width>1</m_width>
<m_subId>-1</m_subId>
</CMapNoteAsset>
<CMapNoteAsset>
<m_id>23</m_id>
<m_type>NORMAL</m_type>
<m_time>31.875</m_time>
<m_position>3.6</m_position>
<m_width>1</m_width>
<m_subId>-1</m_subId>
</CMapNoteAsset>
<CMapNoteAsset>
<m_id>24</m_id>
<m_type>HOLD</m_type>
<m_time>33.375</m_time>
<m_position>0.4</m_position>
<m_width>1</m_width>
<m_subId>25</m_subId>
</CMapNoteAsset>
<CMapNoteAsset>
<m_id>25</m_id>
<m_type>SUB</m_type>
<m_time>33.375</m_time>
<m_position>0.4</m_position>
<m_width>1</m_width>
<m_subId>-1</m_subId>
</CMapNoteAsset>
<CMapNoteAsset>
<m_id>26</m_id>
<m_type>HOLD</m_type>
<m_time>35.375</m_time>
<m_position>0.4</m_position>
<m_width>1</m_width>
<m_subId>27</m_subId>
</CMapNoteAsset>
<CMapNoteAsset>
<m_id>27</m_id>
<m_type>SUB</m_type>
<m_time>35.375</m_time>
<m_position>0.4</m_position>
<m_width>1</m_width>
<m_subId>-1</m_subId>
</CMapNoteAsset>
<CMapNoteAsset>
<m_id>28</m_id>
<m_type>HOLD</m_type>
<m_time>37.375</m_time>
<m_position>0.4</m_position>
<m_width>1</m_width>
<m_subId>29</m_subId>
</CMapNoteAsset>
<CMapNoteAsset>
<m_id>29</m_id>
<m_type>SUB</m_type>
<m_time>37.375</m_time>
<m_position>0.4</m_position>
<m_width>1</m_width>
<m_subId>-1</m_subId>
</CMapNoteAsset>
<CMapNoteAsset>
<m_id>30</m_id>
<m_type>HOLD</m_type>
<m_time>39.375</m_time>
<m_position>0.4</m_position>
<m_width>1</m_width>
<m_subId>31</m_subId>
</CMapNoteAsset>
<CMapNoteAsset>
<m_id>31</m_id>
<m_type>SUB</m_type>
<m_time>39.375</m_time>
<m_position>0.4</m_position>
<m_width>1</m_width>
<m_subId>-1</m_subId>
</CMapNoteAsset>
<CMapNoteAsset>
<m_id>32</m_id>
<m_type>HOLD</m_type>
<m_time>41.375</m_time>
<m_position>3.7</m_position>
<m_width>1</m_width>
<m_subId>33</m_subId>
</CMapNoteAsset>
<CMapNoteAsset>
<m_id>33</m_id>
<m_type>SUB</m_type>
<m_time>41.375</m_time>
<m_position>3.7</m_position>
<m_width>1</m_width>
<m_subId>-1</m_subId>
</CMapNoteAsset>
<CMapNoteAsset>
<m_id>34</m_id>
<m_type>HOLD</m_type>
<m_time>43.375</m_time>
<m_position>3.7</m_position>
<m_width>1</m_width>
<m_subId>35</m_subId>
</CMapNoteAsset>
<CMapNoteAsset>
<m_id>35</m_id>
<m_type>SUB</m_type>
<m_time>43.375</m_time>
<m_position>3.7</m_position>
<m_width>1</m_width>
<m_subId>-1</m_subId>
</CMapNoteAsset>
<CMapNoteAsset>
<m_id>36</m_id>
<m_type>HOLD</m_type>
<m_time>45.375</m_time>
<m_position>3.7</m_position>
<m_width>1</m_width>
<m_subId>37</m_subId>
</CMapNoteAsset>
<CMapNoteAsset>
<m_id>37</m_id>
<m_type>SUB</m_type>
<m_time>45.375</m_time>
<m_position>3.7</m_position>
<m_width>1</m_width>
<m_subId>-1</m_subId>
</CMapNoteAsset>
<CMapNoteAsset>
<m_id>38</m_id>
<m_type>HOLD</m_type>
<m_time>47.375</m_time>
<m_position>3.7</m_position>
<m_width>1</m_width>
<m_subId>39</m_subId>
</CMapNoteAsset>
<CMapNoteAsset>
<m_id>39</m_id>
<m_type>SUB</m_type>
<m_time>47.375</m_time>
<m_position>3.7</m_position>
<m_width>1</m_width>
<m_subId>-1</m_subId>
</CMapNoteAsset>
<CMapNoteAsset>
<m_id>40</m_id>
<m_type>HOLD</m_type>
<m_time>48.75</m_time>
<m_position>3.4</m_position>
<m_width>1</m_width>
<m_subId>41</m_subId>
</CMapNoteAsset>
<CMapNoteAsset>
<m_id>41</m_id>
<m_type>SUB</m_type>
<m_time>49</m_time>
<m_position>3.4</m_position>
<m_width>1</m_width>
<m_subId>-1</m_subId>
</CMapNoteAsset>
<CMapNoteAsset>
<m_id>42</m_id>
<m_type>HOLD</m_type>
<m_time>49</m_time>
<m_position>0.45</m_position>
<m_width>0.3</m_width>
<m_subId>43</m_subId>
</CMapNoteAsset>
<CMapNoteAsset>
<m_id>43</m_id>
<m_type>SUB</m_type>
<m_time>53</m_time>
<m_position>0.45</m_position>
<m_width>0.3</m_width>
<m_subId>-1</m_subId>
</CMapNoteAsset>
<CMapNoteAsset>
<m_id>44</m_id>
<m_type>HOLD</m_type>
<m_time>69.5</m_time>
<m_position>3.9</m_position>
<m_width>1</m_width>
<m_subId>45</m_subId>
</CMapNoteAsset>
<CMapNoteAsset>
<m_id>45</m_id>
<m_type>SUB</m_type>
<m_time>69.5</m_time>
<m_position>3.9</m_position>
<m_width>1</m_width>
<m_subId>-1</m_subId>
</CMapNoteAsset>
<CMapNoteAsset>
<m_id>46</m_id>
<m_type>NORMAL</m_type>
<m_time>69.75</m_time>
<m_position>0.2</m_position>
<m_width>1</m_width>
<m_subId>-1</m_subId>
</CMapNoteAsset>
<CMapNoteAsset>
<m_id>47</m_id>
<m_type>NORMAL</m_type>
<m_time>70</m_time>
<m_position>2.75</m_position>
<m_width>1.3</m_width>
<m_subId>-1</m_subId>
</CMapNoteAsset>
<CMapNoteAsset>
<m_id>48</m_id>
<m_type>NORMAL</m_type>
<m_time>70.25</m_time>
<m_position>0.2</m_position>
<m_width>1</m_width>
<m_subId>-1</m_subId>
</CMapNoteAsset>
<CMapNoteAsset>
<m_id>49</m_id>
<m_type>NORMAL</m_type>
<m_time>70.75</m_time>
<m_position>0.2</m_position>
<m_width>1</m_width>
<m_subId>-1</m_subId>
</CMapNoteAsset>
<CMapNoteAsset>
<m_id>50</m_id>
<m_type>NORMAL</m_type>
<m_time>71</m_time>
<m_position>3.85</m_position>
<m_width>1.3</m_width>
<m_subId>-1</m_subId>
</CMapNoteAsset>
<CMapNoteAsset>
<m_id>51</m_id>
<m_type>NORMAL</m_type>
<m_time>71.25</m_time>
<m_position>0.2</m_position>
<m_width>1</m_width>
<m_subId>-1</m_subId>
</CMapNoteAsset>
<CMapNoteAsset>
<m_id>52</m_id>
<m_type>NORMAL</m_type>
<m_time>71.75</m_time>
<m_position>0.2</m_position>
<m_width>1</m_width>
<m_subId>-1</m_subId>
</CMapNoteAsset>
<CMapNoteAsset>
<m_id>53</m_id>
<m_type>NORMAL</m_type>
<m_time>72</m_time>
<m_position>2.25</m_position>
<m_width>1.3</m_width>
<m_subId>-1</m_subId>
</CMapNoteAsset>
<CMapNoteAsset>
<m_id>54</m_id>
<m_type>NORMAL</m_type>
<m_time>72.25</m_time>
<m_position>0.2</m_position>
<m_width>1</m_width>
<m_subId>-1</m_subId>
</CMapNoteAsset>
<CMapNoteAsset>
<m_id>55</m_id>
<m_type>NORMAL</m_type>
<m_time>72.75</m_time>
<m_position>0.2</m_position>
<m_width>1</m_width>
<m_subId>-1</m_subId>
</CMapNoteAsset>
<CMapNoteAsset>
<m_id>56</m_id>
<m_type>NORMAL</m_type>
<m_time>73</m_time>
<m_position>3.65</m_position>
<m_width>1.3</m_width>
<m_subId>-1</m_subId>
</CMapNoteAsset>
<CMapNoteAsset>
<m_id>57</m_id>
<m_type>NORMAL</m_type>
<m_time>73.25</m_time>
<m_position>0.2</m_position>
<m_width>1</m_width>
<m_subId>-1</m_subId>
</CMapNoteAsset>
<CMapNoteAsset>
<m_id>58</m_id>
<m_type>NORMAL</m_type>
<m_time>73.75</m_time>
<m_position>3.8</m_position>
<m_width>1</m_width>
<m_subId>-1</m_subId>
</CMapNoteAsset>
<CMapNoteAsset>
<m_id>59</m_id>
<m_type>NORMAL</m_type>
<m_time>74</m_time>
<m_position>0.35</m_position>
<m_width>1.3</m_width>
<m_subId>-1</m_subId>
</CMapNoteAsset>
<CMapNoteAsset>
<m_id>60</m_id>
<m_type>NORMAL</m_type>
<m_time>74.25</m_time>
<m_position>3.8</m_position>
<m_width>1</m_width>
<m_subId>-1</m_subId>
</CMapNoteAsset>
<CMapNoteAsset>
<m_id>61</m_id>
<m_type>NORMAL</m_type>
<m_time>74.75</m_time>
<m_position>3.8</m_position>
<m_width>1</m_width>
<m_subId>-1</m_subId>
</CMapNoteAsset>
<CMapNoteAsset>
<m_id>62</m_id>
<m_type>NORMAL</m_type>
<m_time>75</m_time>
<m_position>2.15</m_position>
<m_width>1.3</m_width>
<m_subId>-1</m_subId>
</CMapNoteAsset>
<CMapNoteAsset>
<m_id>63</m_id>
<m_type>NORMAL</m_type>
<m_time>75.25</m_time>
<m_position>3.8</m_position>
<m_width>1</m_width>
<m_subId>-1</m_subId>
</CMapNoteAsset>
<CMapNoteAsset>
<m_id>64</m_id>
<m_type>NORMAL</m_type>
<m_time>75.625</m_time>
<m_position>3.8</m_position>
<m_width>1</m_width>
<m_subId>-1</m_subId>
</CMapNoteAsset>
<CMapNoteAsset>
<m_id>65</m_id>
<m_type>NORMAL</m_type>
<m_time>76</m_time>
<m_position>3.8</m_position>
<m_width>1</m_width>
<m_subId>-1</m_subId>
</CMapNoteAsset>
<CMapNoteAsset>
<m_id>66</m_id>
<m_type>NORMAL</m_type>
<m_time>76</m_time>
<m_position>-0.15</m_position>
<m_width>1.3</m_width>
<m_subId>-1</m_subId>
</CMapNoteAsset>
<CMapNoteAsset>
<m_id>67</m_id>
<m_type>NORMAL</m_type>
<m_time>76.375</m_time>
<m_position>3.8</m_position>
<m_width>1</m_width>
<m_subId>-1</m_subId>
</CMapNoteAsset>
<CMapNoteAsset>
<m_id>68</m_id>
<m_type>HOLD</m_type>
<m_time>76.5</m_time>
<m_position>1.2</m_position>
<m_width>0.4</m_width>
<m_subId>69</m_subId>
</CMapNoteAsset>
<CMapNoteAsset>
<m_id>69</m_id>
<m_type>SUB</m_type>
<m_time>77.4375</m_time>
<m_position>1.2</m_position>
<m_width>0.4</m_width>
<m_subId>-1</m_subId>
</CMapNoteAsset>
<CMapNoteAsset>
<m_id>70</m_id>
<m_type>NORMAL</m_type>
<m_time>77.75</m_time>
<m_position>0.1</m_position>
<m_width>1</m_width>
<m_subId>-1</m_subId>
</CMapNoteAsset>
<CMapNoteAsset>
<m_id>71</m_id>
<m_type>NORMAL</m_type>
<m_time>78.25</m_time>
<m_position>1.4</m_position>
<m_width>1</m_width>
<m_subId>-1</m_subId>
</CMapNoteAsset>
<CMapNoteAsset>
<m_id>72</m_id>
<m_type>NORMAL</m_type>
<m_time>78.75</m_time>
<m_position>0.1</m_position>
<m_width>1</m_width>
<m_subId>-1</m_subId>
</CMapNoteAsset>
<CMapNoteAsset>
<m_id>73</m_id>
<m_type>NORMAL</m_type>
<m_time>79.25</m_time>
<m_position>1.4</m_position>
<m_width>1</m_width>
<m_subId>-1</m_subId>
</CMapNoteAsset>
<CMapNoteAsset>
<m_id>74</m_id>
<m_type>NORMAL</m_type>
<m_time>79.75</m_time>
<m_position>0.1</m_position>
<m_width>1</m_width>
<m_subId>-1</m_subId>
</CMapNoteAsset>
<CMapNoteAsset>
<m_id>75</m_id>
<m_type>NORMAL</m_type>
<m_time>80.25</m_time>
<m_position>1.4</m_position>
<m_width>1</m_width>
<m_subId>-1</m_subId>
</CMapNoteAsset>
<CMapNoteAsset>
<m_id>76</m_id>
<m_type>NORMAL</m_type>
<m_time>80.75</m_time>
<m_position>0.1</m_position>
<m_width>1</m_width>
<m_subId>-1</m_subId>
</CMapNoteAsset>
<CMapNoteAsset>
<m_id>77</m_id>
<m_type>NORMAL</m_type>
<m_time>81.25</m_time>
<m_position>1.4</m_position>
<m_width>1</m_width>
<m_subId>-1</m_subId>
</CMapNoteAsset>
<CMapNoteAsset>
<m_id>78</m_id>
<m_type>NORMAL</m_type>
<m_time>81.75</m_time>
<m_position>4.1</m_position>
<m_width>1</m_width>
<m_subId>-1</m_subId>
</CMapNoteAsset>
<CMapNoteAsset>
<m_id>79</m_id>
<m_type>NORMAL</m_type>
<m_time>82.25</m_time>
<m_position>2.8</m_position>
<m_width>1</m_width>
<m_subId>-1</m_subId>
</CMapNoteAsset>
<CMapNoteAsset>
<m_id>80</m_id>
<m_type>NORMAL</m_type>
<m_time>82.75</m_time>
<m_position>4.1</m_position>
<m_width>1</m_width>
<m_subId>-1</m_subId>
</CMapNoteAsset>
<CMapNoteAsset>
<m_id>81</m_id>
<m_type>NORMAL</m_type>
<m_time>83.25</m_time>
<m_position>2.8</m_position>
<m_width>1</m_width>
<m_subId>-1</m_subId>
</CMapNoteAsset>
<CMapNoteAsset>
<m_id>82</m_id>
<m_type>NORMAL</m_type>
<m_time>83.625</m_time>
<m_position>4</m_position>
<m_width>1</m_width>
<m_subId>-1</m_subId>
</CMapNoteAsset>
<CMapNoteAsset>
<m_id>83</m_id>
<m_type>NORMAL</m_type>
<m_time>84</m_time>
<m_position>0.7</m_position>
<m_width>1</m_width>
<m_subId>-1</m_subId>
</CMapNoteAsset>
<CMapNoteAsset>
<m_id>84</m_id>
<m_type>NORMAL</m_type>
<m_time>84</m_time>
<m_position>2.925</m_position>
<m_width>1.35</m_width>
<m_subId>-1</m_subId>
</CMapNoteAsset>
<CMapNoteAsset>
<m_id>85</m_id>
<m_type>NORMAL</m_type>
<m_time>84.375</m_time>
<m_position>0.7</m_position>
<m_width>1</m_width>
<m_subId>-1</m_subId>
</CMapNoteAsset>
<CMapNoteAsset>
<m_id>86</m_id>
<m_type>HOLD</m_type>
<m_time>94</m_time>
<m_position>2.25</m_position>
<m_width>0.5</m_width>
<m_subId>87</m_subId>
</CMapNoteAsset>
<CMapNoteAsset>
<m_id>87</m_id>
<m_type>SUB</m_type>
<m_time>98</m_time>
<m_position>2.25</m_position>
<m_width>0.5</m_width>
<m_subId>-1</m_subId>
</CMapNoteAsset>
<CMapNoteAsset>
<m_id>88</m_id>
<m_type>CHAIN</m_type>
<m_time>98</m_time>
<m_position>2</m_position>
<m_width>1</m_width>
<m_subId>-1</m_subId>
</CMapNoteAsset>
</m_notes>
</m_notes>
<m_notesLeft>
<m_notes>
<CMapNoteAsset>
<m_id>0</m_id>
<m_type>CHAIN</m_type>
<m_time>13</m_time>
<m_position>2.5</m_position>
<m_width>1</m_width>
<m_subId>-1</m_subId>
<status>Perfect</status>
</CMapNoteAsset>
<CMapNoteAsset>
<m_id>1</m_id>
<m_type>CHAIN</m_type>
<m_time>17.125</m_time>
<m_position>3.35</m_position>
<m_width>1.5</m_width>
<m_subId>-1</m_subId>
<status>Perfect</status>
</CMapNoteAsset>
<CMapNoteAsset>
<m_id>2</m_id>
<m_type>CHAIN</m_type>
<m_time>17.25</m_time>
<m_position>2.25</m_position>
<m_width>1.5</m_width>
<m_subId>-1</m_subId>
<status>Perfect</status>
</CMapNoteAsset>
<CMapNoteAsset>
<m_id>3</m_id>
<m_type>CHAIN</m_type>
<m_time>17.375</m_time>
<m_position>0.05</m_position>
<m_width>1.5</m_width>
<m_subId>-1</m_subId>
<status>Perfect</status>
</CMapNoteAsset>
<CMapNoteAsset>
<m_id>4</m_id>
<m_type>CHAIN</m_type>
<m_time>17.625</m_time>
<m_position>2.05</m_position>
<m_width>1.5</m_width>
<m_subId>-1</m_subId>
<status>Perfect</status>
</CMapNoteAsset>
<CMapNoteAsset>
<m_id>5</m_id>
<m_type>CHAIN</m_type>
<m_time>21.125</m_time>
<m_position>3.45</m_position>
<m_width>1.3</m_width>
<m_subId>-1</m_subId>
<status>Perfect</status>
</CMapNoteAsset>
<CMapNoteAsset>
<m_id>6</m_id>
<m_type>CHAIN</m_type>
<m_time>21.25</m_time>
<m_position>2.15</m_position>
<m_width>1.3</m_width>
<m_subId>-1</m_subId>
<status>Perfect</status>
</CMapNoteAsset>
<CMapNoteAsset>
<m_id>7</m_id>
<m_type>CHAIN</m_type>
<m_time>21.375</m_time>
<m_position>0.15</m_position>
<m_width>1.3</m_width>
<m_subId>-1</m_subId>
<status>Perfect</status>
</CMapNoteAsset>
<CMapNoteAsset>
<m_id>8</m_id>
<m_type>CHAIN</m_type>
<m_time>21.625</m_time>
<m_position>1.95</m_position>
<m_width>1.3</m_width>
<m_subId>-1</m_subId>
<status>Perfect</status>
</CMapNoteAsset>
<CMapNoteAsset>
<m_id>9</m_id>
<m_type>CHAIN</m_type>
<m_time>25.125</m_time>
<m_position>3.35</m_position>
<m_width>1.5</m_width>
<m_subId>-1</m_subId>
<status>Perfect</status>
</CMapNoteAsset>
<CMapNoteAsset>
<m_id>10</m_id>
<m_type>CHAIN</m_type>
<m_time>25.25</m_time>
<m_position>2.25</m_position>
<m_width>1.5</m_width>
<m_subId>-1</m_subId>
<status>Perfect</status>
</CMapNoteAsset>
<CMapNoteAsset>
<m_id>11</m_id>
<m_type>CHAIN</m_type>
<m_time>25.375</m_time>
<m_position>0.05</m_position>
<m_width>1.5</m_width>
<m_subId>-1</m_subId>
<status>Perfect</status>
</CMapNoteAsset>
<CMapNoteAsset>
<m_id>12</m_id>
<m_type>CHAIN</m_type>
<m_time>25.625</m_time>
<m_position>2.05</m_position>
<m_width>1.5</m_width>
<m_subId>-1</m_subId>
<status>Perfect</status>
</CMapNoteAsset>
<CMapNoteAsset>
<m_id>13</m_id>
<m_type>CHAIN</m_type>
<m_time>29.125</m_time>
<m_position>3.45</m_position>
<m_width>1.3</m_width>
<m_subId>-1</m_subId>
<status>Perfect</status>
</CMapNoteAsset>
<CMapNoteAsset>
<m_id>14</m_id>
<m_type>CHAIN</m_type>
<m_time>29.25</m_time>
<m_position>2.15</m_position>
<m_width>1.3</m_width>
<m_subId>-1</m_subId>
<status>Perfect</status>
</CMapNoteAsset>
<CMapNoteAsset>
<m_id>15</m_id>
<m_type>CHAIN</m_type>
<m_time>29.375</m_time>
<m_position>0.15</m_position>
<m_width>1.3</m_width>
<m_subId>-1</m_subId>
<status>Perfect</status>
</CMapNoteAsset>
<CMapNoteAsset>
<m_id>16</m_id>
<m_type>CHAIN</m_type>
<m_time>29.625</m_time>
<m_position>1.95</m_position>
<m_width>1.3</m_width>
<m_subId>-1</m_subId>
<status>Perfect</status>
</CMapNoteAsset>
<CMapNoteAsset>
<m_id>17</m_id>
<m_type>CHAIN</m_type>
<m_time>32</m_time>
<m_position>-0.45</m_position>
<m_width>3.5</m_width>
<m_subId>-1</m_subId>
</CMapNoteAsset>
<CMapNoteAsset>
<m_id>18</m_id>
<m_type>CHAIN</m_type>
<m_time>32.25</m_time>
<m_position>-0.45</m_position>
<m_width>3.5</m_width>
<m_subId>-1</m_subId>
</CMapNoteAsset>
<CMapNoteAsset>
<m_id>19</m_id>
<m_type>CHAIN</m_type>
<m_time>32.75</m_time>
<m_position>-0.45</m_position>
<m_width>3.5</m_width>
<m_subId>-1</m_subId>
</CMapNoteAsset>
<CMapNoteAsset>
<m_id>20</m_id>
<m_type>CHAIN</m_type>
<m_time>42.125</m_time>
<m_position>4.1</m_position>
<m_width>1</m_width>
<m_subId>-1</m_subId>
</CMapNoteAsset>
<CMapNoteAsset>
<m_id>21</m_id>
<m_type>CHAIN</m_type>
<m_time>44.125</m_time>
<m_position>0.8</m_position>
<m_width>1</m_width>
<m_subId>-1</m_subId>
</CMapNoteAsset>
<CMapNoteAsset>
<m_id>22</m_id>
<m_type>CHAIN</m_type>
<m_time>46.125</m_time>
<m_position>4</m_position>
<m_width>1</m_width>
<m_subId>-1</m_subId>
</CMapNoteAsset>
<CMapNoteAsset>
<m_id>23</m_id>
<m_type>CHAIN</m_type>
<m_time>53</m_time>
<m_position>-0.5</m_position>
<m_width>6</m_width>
<m_subId>-1</m_subId>
</CMapNoteAsset>
<CMapNoteAsset>
<m_id>24</m_id>
<m_type>CHAIN</m_type>
<m_time>69.125</m_time>
<m_position>2.45</m_position>
<m_width>0.9</m_width>
<m_subId>-1</m_subId>
</CMapNoteAsset>
<CMapNoteAsset>
<m_id>25</m_id>
<m_type>CHAIN</m_type>
<m_time>69.1875</m_time>
<m_position>2.3</m_position>
<m_width>1.2</m_width>
<m_subId>-1</m_subId>
</CMapNoteAsset>
<CMapNoteAsset>
<m_id>26</m_id>
<m_type>CHAIN</m_type>
<m_time>69.25</m_time>
<m_position>2</m_position>
<m_width>1.8</m_width>
<m_subId>-1</m_subId>
</CMapNoteAsset>
<CMapNoteAsset>
<m_id>27</m_id>
<m_type>CHAIN</m_type>
<m_time>69.3125</m_time>
<m_position>1.6</m_position>
<m_width>2.6</m_width>
<m_subId>-1</m_subId>
</CMapNoteAsset>
<CMapNoteAsset>
<m_id>28</m_id>
<m_type>CHAIN</m_type>
<m_time>69.375</m_time>
<m_position>1.125</m_position>
<m_width>3.55</m_width>
<m_subId>-1</m_subId>
</CMapNoteAsset>
<CMapNoteAsset>
<m_id>29</m_id>
<m_type>CHAIN</m_type>
<m_time>69.4375</m_time>
<m_position>0.325</m_position>
<m_width>5.15</m_width>
<m_subId>-1</m_subId>
</CMapNoteAsset>
<CMapNoteAsset>
<m_id>30</m_id>
<m_type>CHAIN</m_type>
<m_time>82</m_time>
<m_position>2.6</m_position>
<m_width>3</m_width>
<m_subId>-1</m_subId>
</CMapNoteAsset>
<CMapNoteAsset>
<m_id>31</m_id>
<m_type>CHAIN</m_type>
<m_time>83</m_time>
<m_position>0</m_position>
<m_width>3</m_width>
<m_subId>-1</m_subId>
</CMapNoteAsset>
<CMapNoteAsset>
<m_id>32</m_id>
<m_type>CHAIN</m_type>
<m_time>85.5</m_time>
<m_position>0</m_position>
<m_width>2</m_width>
<m_subId>-1</m_subId>
</CMapNoteAsset>
<CMapNoteAsset>
<m_id>33</m_id>
<m_type>CHAIN</m_type>
<m_time>85.875</m_time>
<m_position>0.4</m_position>
<m_width>2</m_width>
<m_subId>-1</m_subId>
</CMapNoteAsset>
<CMapNoteAsset>
<m_id>34</m_id>
<m_type>CHAIN</m_type>
<m_time>86.25</m_time>
<m_position>1</m_position>
<m_width>2</m_width>
<m_subId>-1</m_subId>
</CMapNoteAsset>
<CMapNoteAsset>
<m_id>35</m_id>
<m_type>CHAIN</m_type>
<m_time>86.625</m_time>
<m_position>1.8</m_position>
<m_width>2</m_width>
<m_subId>-1</m_subId>
</CMapNoteAsset>
<CMapNoteAsset>
<m_id>36</m_id>
<m_type>CHAIN</m_type>
<m_time>87</m_time>
<m_position>2.3</m_position>
<m_width>2</m_width>
<m_subId>-1</m_subId>
</CMapNoteAsset>
<CMapNoteAsset>
<m_id>37</m_id>
<m_type>CHAIN</m_type>
<m_time>87.25</m_time>
<m_position>2.7</m_position>
<m_width>2</m_width>
<m_subId>-1</m_subId>
</CMapNoteAsset>
<CMapNoteAsset>
<m_id>38</m_id>
<m_type>CHAIN</m_type>
<m_time>87.5</m_time>
<m_position>3.2</m_position>
<m_width>2</m_width>
<m_subId>-1</m_subId>
</CMapNoteAsset>
<CMapNoteAsset>
<m_id>39</m_id>
<m_type>CHAIN</m_type>
<m_time>87.875</m_time>
<m_position>3.8</m_position>
<m_width>2</m_width>
<m_subId>-1</m_subId>
</CMapNoteAsset>
<CMapNoteAsset>
<m_id>40</m_id>
<m_type>CHAIN</m_type>
<m_time>88.25</m_time>
<m_position>2.8</m_position>
<m_width>2</m_width>
<m_subId>-1</m_subId>
</CMapNoteAsset>
<CMapNoteAsset>
<m_id>41</m_id>
<m_type>CHAIN</m_type>
<m_time>88.625</m_time>
<m_position>1.8</m_position>
<m_width>2</m_width>
<m_subId>-1</m_subId>
</CMapNoteAsset>
<CMapNoteAsset>
<m_id>42</m_id>
<m_type>CHAIN</m_type>
<m_time>89</m_time>
<m_position>0.2</m_position>
<m_width>2</m_width>
<m_subId>-1</m_subId>
</CMapNoteAsset>
<CMapNoteAsset>
<m_id>43</m_id>
<m_type>CHAIN</m_type>
<m_time>89.25</m_time>
<m_position>1.3</m_position>
<m_width>2</m_width>
<m_subId>-1</m_subId>
</CMapNoteAsset>
</m_notes>
</m_notesLeft>
<m_notesRight>
<m_notes>
<CMapNoteAsset>
<m_id>0</m_id>
<m_type>CHAIN</m_type>
<m_time>8.625</m_time>
<m_position>2.3</m_position>
<m_width>1</m_width>
<m_subId>-1</m_subId>
<status>Perfect</status>
</CMapNoteAsset>
<CMapNoteAsset>
<m_id>1</m_id>
<m_type>CHAIN</m_type>
<m_time>8.6875</m_time>
<m_position>2.175</m_position>
<m_width>1.25</m_width>
<m_subId>-1</m_subId>
<status>Perfect</status>
</CMapNoteAsset>
<CMapNoteAsset>
<m_id>2</m_id>
<m_type>CHAIN</m_type>
<m_time>8.75</m_time>
<m_position>2</m_position>
<m_width>1.6</m_width>
<m_subId>-1</m_subId>
<status>Perfect</status>
</CMapNoteAsset>
<CMapNoteAsset>
<m_id>3</m_id>
<m_type>CHAIN</m_type>
<m_time>8.8125</m_time>
<m_position>1.625</m_position>
<m_width>2.35</m_width>
<m_subId>-1</m_subId>
<status>Perfect</status>
</CMapNoteAsset>
<CMapNoteAsset>
<m_id>4</m_id>
<m_type>CHAIN</m_type>
<m_time>8.875</m_time>
<m_position>1.225</m_position>
<m_width>3.15</m_width>
<m_subId>-1</m_subId>
<status>Perfect</status>
</CMapNoteAsset>
<CMapNoteAsset>
<m_id>5</m_id>
<m_type>CHAIN</m_type>
<m_time>8.9375</m_time>
<m_position>0.225</m_position>
<m_width>5.15</m_width>
<m_subId>-1</m_subId>
<status>Perfect</status>
</CMapNoteAsset>
<CMapNoteAsset>
<m_id>6</m_id>
<m_type>CHAIN</m_type>
<m_time>16</m_time>
<m_position>0.1</m_position>
<m_width>2</m_width>
<m_subId>-1</m_subId>
<status>Perfect</status>
</CMapNoteAsset>
<CMapNoteAsset>
<m_id>7</m_id>
<m_type>CHAIN</m_type>
<m_time>16.25</m_time>
<m_position>0.1</m_position>
<m_width>2</m_width>
<m_subId>-1</m_subId>
<status>Perfect</status>
</CMapNoteAsset>
<CMapNoteAsset>
<m_id>8</m_id>
<m_type>CHAIN</m_type>
<m_time>16.5</m_time>
<m_position>2.6</m_position>
<m_width>2</m_width>
<m_subId>-1</m_subId>
<status>Perfect</status>
</CMapNoteAsset>
<CMapNoteAsset>
<m_id>9</m_id>
<m_type>CHAIN</m_type>
<m_time>16.75</m_time>
<m_position>2.6</m_position>
<m_width>2</m_width>
<m_subId>-1</m_subId>
<status>Perfect</status>
</CMapNoteAsset>
<CMapNoteAsset>
<m_id>10</m_id>
<m_type>CHAIN</m_type>
<m_time>19.375</m_time>
<m_position>0.65</m_position>
<m_width>1.3</m_width>
<m_subId>-1</m_subId>
<status>Perfect</status>
</CMapNoteAsset>
<CMapNoteAsset>
<m_id>11</m_id>
<m_type>CHAIN</m_type>
<m_time>19.4166679</m_time>
<m_position>1.65</m_position>
<m_width>1.3</m_width>
<m_subId>-1</m_subId>
<status>Perfect</status>
</CMapNoteAsset>
<CMapNoteAsset>
<m_id>12</m_id>
<m_type>CHAIN</m_type>
<m_time>19.4583321</m_time>
<m_position>2.65</m_position>
<m_width>1.3</m_width>
<m_subId>-1</m_subId>
<status>Perfect</status>
</CMapNoteAsset>
<CMapNoteAsset>
<m_id>13</m_id>
<m_type>CHAIN</m_type>
<m_time>19.5</m_time>
<m_position>3.65</m_position>
<m_width>1.3</m_width>
<m_subId>-1</m_subId>
<status>Perfect</status>
</CMapNoteAsset>
<CMapNoteAsset>
<m_id>14</m_id>
<m_type>CHAIN</m_type>
<m_time>27.375</m_time>
<m_position>0.65</m_position>
<m_width>1.3</m_width>
<m_subId>-1</m_subId>
<status>Perfect</status>
</CMapNoteAsset>
<CMapNoteAsset>
<m_id>15</m_id>
<m_type>CHAIN</m_type>
<m_time>27.4166679</m_time>
<m_position>1.65</m_position>
<m_width>1.3</m_width>
<m_subId>-1</m_subId>
<status>Perfect</status>
</CMapNoteAsset>
<CMapNoteAsset>
<m_id>16</m_id>
<m_type>CHAIN</m_type>
<m_time>27.4583321</m_time>
<m_position>2.65</m_position>
<m_width>1.3</m_width>
<m_subId>-1</m_subId>
<status>Perfect</status>
</CMapNoteAsset>
<CMapNoteAsset>
<m_id>17</m_id>
<m_type>CHAIN</m_type>
<m_time>27.5</m_time>
<m_position>3.65</m_position>
<m_width>1.3</m_width>
<m_subId>-1</m_subId>
<status>Perfect</status>
</CMapNoteAsset>
<CMapNoteAsset>
<m_id>18</m_id>
<m_type>CHAIN</m_type>
<m_time>32.5</m_time>
<m_position>2.35</m_position>
<m_width>3.5</m_width>
<m_subId>-1</m_subId>
</CMapNoteAsset>
<CMapNoteAsset>
<m_id>19</m_id>
<m_type>CHAIN</m_type>
<m_time>32.875</m_time>
<m_position>2.35</m_position>
<m_width>3.5</m_width>
<m_subId>-1</m_subId>
</CMapNoteAsset>
<CMapNoteAsset>
<m_id>20</m_id>
<m_type>CHAIN</m_type>
<m_time>34.125</m_time>
<m_position>3.8</m_position>
<m_width>1</m_width>
<m_subId>-1</m_subId>
</CMapNoteAsset>
<CMapNoteAsset>
<m_id>21</m_id>
<m_type>CHAIN</m_type>
<m_time>36.125</m_time>
<m_position>1.2</m_position>
<m_width>1</m_width>
<m_subId>-1</m_subId>
</CMapNoteAsset>
<CMapNoteAsset>
<m_id>22</m_id>
<m_type>CHAIN</m_type>
<m_time>38.125</m_time>
<m_position>4</m_position>
<m_width>1</m_width>
<m_subId>-1</m_subId>
</CMapNoteAsset>
<CMapNoteAsset>
<m_id>23</m_id>
<m_type>CHAIN</m_type>
<m_time>40.125</m_time>
<m_position>0.9</m_position>
<m_width>1</m_width>
<m_subId>-1</m_subId>
</CMapNoteAsset>
<CMapNoteAsset>
<m_id>24</m_id>
<m_type>CHAIN</m_type>
<m_time>41.5</m_time>
<m_position>0.5</m_position>
<m_width>5</m_width>
<m_subId>-1</m_subId>
</CMapNoteAsset>
<CMapNoteAsset>
<m_id>25</m_id>
<m_type>CHAIN</m_type>
<m_time>42.5</m_time>
<m_position>0.5</m_position>
<m_width>5</m_width>
<m_subId>-1</m_subId>
</CMapNoteAsset>
<CMapNoteAsset>
<m_id>26</m_id>
<m_type>CHAIN</m_type>
<m_time>43.5</m_time>
<m_position>0.5</m_position>
<m_width>5</m_width>
<m_subId>-1</m_subId>
</CMapNoteAsset>
<CMapNoteAsset>
<m_id>27</m_id>
<m_type>CHAIN</m_type>
<m_time>44.5</m_time>
<m_position>0.5</m_position>
<m_width>5</m_width>
<m_subId>-1</m_subId>
</CMapNoteAsset>
<CMapNoteAsset>
<m_id>28</m_id>
<m_type>CHAIN</m_type>
<m_time>45.5</m_time>
<m_position>0.5</m_position>
<m_width>5</m_width>
<m_subId>-1</m_subId>
</CMapNoteAsset>
<CMapNoteAsset>
<m_id>29</m_id>
<m_type>CHAIN</m_type>
<m_time>46.5</m_time>
<m_position>0.5</m_position>
<m_width>5</m_width>
<m_subId>-1</m_subId>
</CMapNoteAsset>
<CMapNoteAsset>
<m_id>30</m_id>
<m_type>CHAIN</m_type>
<m_time>47.5</m_time>
<m_position>0.5</m_position>
<m_width>5</m_width>
<m_subId>-1</m_subId>
</CMapNoteAsset>
<CMapNoteAsset>
<m_id>31</m_id>
<m_type>CHAIN</m_type>
<m_time>48.5</m_time>
<m_position>0.5</m_position>
<m_width>5</m_width>
<m_subId>-1</m_subId>
</CMapNoteAsset>
<CMapNoteAsset>
<m_id>32</m_id>
<m_type>CHAIN</m_type>
<m_time>53</m_time>
<m_position>-0.5</m_position>
<m_width>6</m_width>
<m_subId>-1</m_subId>
</CMapNoteAsset>
<CMapNoteAsset>
<m_id>33</m_id>
<m_type>CHAIN</m_type>
<m_time>57</m_time>
<m_position>3.6</m_position>
<m_width>0.6</m_width>
<m_subId>-1</m_subId>
</CMapNoteAsset>
<CMapNoteAsset>
<m_id>34</m_id>
<m_type>CHAIN</m_type>
<m_time>78</m_time>
<m_position>2.7</m_position>
<m_width>3</m_width>
<m_subId>-1</m_subId>
</CMapNoteAsset>
<CMapNoteAsset>
<m_id>35</m_id>
<m_type>CHAIN</m_type>
<m_time>79</m_time>
<m_position>0.3</m_position>
<m_width>3</m_width>
<m_subId>-1</m_subId>
</CMapNoteAsset>
<CMapNoteAsset>
<m_id>36</m_id>
<m_type>CHAIN</m_type>
<m_time>80</m_time>
<m_position>2.6</m_position>
<m_width>3</m_width>
<m_subId>-1</m_subId>
</CMapNoteAsset>
<CMapNoteAsset>
<m_id>37</m_id>
<m_type>CHAIN</m_type>
<m_time>81</m_time>
<m_position>0.2</m_position>
<m_width>3</m_width>
<m_subId>-1</m_subId>
</CMapNoteAsset>
<CMapNoteAsset>
<m_id>38</m_id>
<m_type>CHAIN</m_type>
<m_time>84.5</m_time>
<m_position>3.8</m_position>
<m_width>1</m_width>
<m_subId>-1</m_subId>
</CMapNoteAsset>
<CMapNoteAsset>
<m_id>39</m_id>
<m_type>CHAIN</m_type>
<m_time>84.53125</m_time>
<m_position>3.8</m_position>
<m_width>1</m_width>
<m_subId>-1</m_subId>
</CMapNoteAsset>
<CMapNoteAsset>
<m_id>40</m_id>
<m_type>CHAIN</m_type>
<m_time>84.5625</m_time>
<m_position>3.8</m_position>
<m_width>1</m_width>
<m_subId>-1</m_subId>
</CMapNoteAsset>
<CMapNoteAsset>
<m_id>41</m_id>
<m_type>CHAIN</m_type>
<m_time>84.59375</m_time>
<m_position>3.8</m_position>
<m_width>1</m_width>
<m_subId>-1</m_subId>
</CMapNoteAsset>
<CMapNoteAsset>
<m_id>42</m_id>
<m_type>CHAIN</m_type>
<m_time>84.625</m_time>
<m_position>3.8</m_position>
<m_width>1</m_width>
<m_subId>-1</m_subId>
</CMapNoteAsset>
<CMapNoteAsset>
<m_id>43</m_id>
<m_type>CHAIN</m_type>
<m_time>84.65625</m_time>
<m_position>3.8</m_position>
<m_width>1</m_width>
<m_subId>-1</m_subId>
</CMapNoteAsset>
<CMapNoteAsset>
<m_id>44</m_id>
<m_type>CHAIN</m_type>
<m_time>84.6875</m_time>
<m_position>3.8</m_position>
<m_width>1</m_width>
<m_subId>-1</m_subId>
</CMapNoteAsset>
<CMapNoteAsset>
<m_id>45</m_id>
<m_type>CHAIN</m_type>
<m_time>84.71875</m_time>
<m_position>3.8</m_position>
<m_width>1</m_width>
<m_subId>-1</m_subId>
</CMapNoteAsset>
<CMapNoteAsset>
<m_id>46</m_id>
<m_type>CHAIN</m_type>
<m_time>84.75</m_time>
<m_position>3.8</m_position>
<m_width>1</m_width>
<m_subId>-1</m_subId>
</CMapNoteAsset>
<CMapNoteAsset>
<m_id>47</m_id>
<m_type>CHAIN</m_type>
<m_time>84.78125</m_time>
<m_position>3.8</m_position>
<m_width>1</m_width>
<m_subId>-1</m_subId>
</CMapNoteAsset>
<CMapNoteAsset>
<m_id>48</m_id>
<m_type>CHAIN</m_type>
<m_time>84.8125</m_time>
<m_position>3.8</m_position>
<m_width>1</m_width>
<m_subId>-1</m_subId>
</CMapNoteAsset>
<CMapNoteAsset>
<m_id>49</m_id>
<m_type>CHAIN</m_type>
<m_time>84.84375</m_time>
<m_position>3.8</m_position>
<m_width>1</m_width>
<m_subId>-1</m_subId>
</CMapNoteAsset>
<CMapNoteAsset>
<m_id>50</m_id>
<m_type>CHAIN</m_type>
<m_time>84.875</m_time>
<m_position>3.8</m_position>
<m_width>1</m_width>
<m_subId>-1</m_subId>
</CMapNoteAsset>
<CMapNoteAsset>
<m_id>51</m_id>
<m_type>CHAIN</m_type>
<m_time>84.90625</m_time>
<m_position>3.8</m_position>
<m_width>1</m_width>
<m_subId>-1</m_subId>
</CMapNoteAsset>
<CMapNoteAsset>
<m_id>52</m_id>
<m_type>CHAIN</m_type>
<m_time>84.9375</m_time>
<m_position>3.8</m_position>
<m_width>1</m_width>
<m_subId>-1</m_subId>
</CMapNoteAsset>
<CMapNoteAsset>
<m_id>53</m_id>
<m_type>CHAIN</m_type>
<m_time>84.96875</m_time>
<m_position>3.8</m_position>
<m_width>1</m_width>
<m_subId>-1</m_subId>
</CMapNoteAsset>
<CMapNoteAsset>
<m_id>54</m_id>
<m_type>CHAIN</m_type>
<m_time>85</m_time>
<m_position>3.8</m_position>
<m_width>1</m_width>
<m_subId>-1</m_subId>
</CMapNoteAsset>
<CMapNoteAsset>
<m_id>55</m_id>
<m_type>CHAIN</m_type>
<m_time>85.03125</m_time>
<m_position>3.8</m_position>
<m_width>1</m_width>
<m_subId>-1</m_subId>
</CMapNoteAsset>
<CMapNoteAsset>
<m_id>56</m_id>
<m_type>CHAIN</m_type>
<m_time>85.0625</m_time>
<m_position>3.8</m_position>
<m_width>1</m_width>
<m_subId>-1</m_subId>
</CMapNoteAsset>
<CMapNoteAsset>
<m_id>57</m_id>
<m_type>CHAIN</m_type>
<m_time>85.09375</m_time>
<m_position>3.8</m_position>
<m_width>1</m_width>
<m_subId>-1</m_subId>
</CMapNoteAsset>
<CMapNoteAsset>
<m_id>58</m_id>
<m_type>CHAIN</m_type>
<m_time>85.125</m_time>
<m_position>3.8</m_position>
<m_width>1</m_width>
<m_subId>-1</m_subId>
</CMapNoteAsset>
<CMapNoteAsset>
<m_id>59</m_id>
<m_type>CHAIN</m_type>
<m_time>85.15625</m_time>
<m_position>3.8</m_position>
<m_width>1</m_width>
<m_subId>-1</m_subId>
</CMapNoteAsset>
<CMapNoteAsset>
<m_id>60</m_id>
<m_type>CHAIN</m_type>
<m_time>85.1875</m_time>
<m_position>3.8</m_position>
<m_width>1</m_width>
<m_subId>-1</m_subId>
</CMapNoteAsset>
<CMapNoteAsset>
<m_id>61</m_id>
<m_type>CHAIN</m_type>
<m_time>85.21875</m_time>
<m_position>3.8</m_position>
<m_width>1</m_width>
<m_subId>-1</m_subId>
</CMapNoteAsset>
<CMapNoteAsset>
<m_id>62</m_id>
<m_type>CHAIN</m_type>
<m_time>85.25</m_time>
<m_position>3.8</m_position>
<m_width>1</m_width>
<m_subId>-1</m_subId>
</CMapNoteAsset>
<CMapNoteAsset>
<m_id>63</m_id>
<m_type>CHAIN</m_type>
<m_time>85.28125</m_time>
<m_position>3.8</m_position>
<m_width>1</m_width>
<m_subId>-1</m_subId>
</CMapNoteAsset>
<CMapNoteAsset>
<m_id>64</m_id>
<m_type>CHAIN</m_type>
<m_time>85.3125</m_time>
<m_position>3.8</m_position>
<m_width>1</m_width>
<m_subId>-1</m_subId>
</CMapNoteAsset>
<CMapNoteAsset>
<m_id>65</m_id>
<m_type>CHAIN</m_type>
<m_time>85.34375</m_time>
<m_position>3.8</m_position>
<m_width>1</m_width>
<m_subId>-1</m_subId>
</CMapNoteAsset>
<CMapNoteAsset>
<m_id>66</m_id>
<m_type>CHAIN</m_type>
<m_time>85.375</m_time>
<m_position>3.8</m_position>
<m_width>1</m_width>
<m_subId>-1</m_subId>
</CMapNoteAsset>
<CMapNoteAsset>
<m_id>67</m_id>
<m_type>CHAIN</m_type>
<m_time>85.40625</m_time>
<m_position>3.8</m_position>
<m_width>1</m_width>
<m_subId>-1</m_subId>
</CMapNoteAsset>
<CMapNoteAsset>
<m_id>68</m_id>
<m_type>CHAIN</m_type>
<m_time>85.4375</m_time>
<m_position>3.8</m_position>
<m_width>1</m_width>
<m_subId>-1</m_subId>
</CMapNoteAsset>
<CMapNoteAsset>
<m_id>69</m_id>
<m_type>CHAIN</m_type>
<m_time>85.46875</m_time>
<m_position>3.8</m_position>
<m_width>1</m_width>
<m_subId>-1</m_subId>
</CMapNoteAsset>
<CMapNoteAsset>
<m_id>70</m_id>
<m_type>CHAIN</m_type>
<m_time>89.5</m_time>
<m_position>-0.5</m_position>
<m_width>2</m_width>
<m_subId>-1</m_subId>
</CMapNoteAsset>
<CMapNoteAsset>
<m_id>71</m_id>
<m_type>CHAIN</m_type>
<m_time>89.875</m_time>
<m_position>-0.1</m_position>
<m_width>2</m_width>
<m_subId>-1</m_subId>
</CMapNoteAsset>
<CMapNoteAsset>
<m_id>72</m_id>
<m_type>CHAIN</m_type>
<m_time>90.25</m_time>
<m_position>0.3</m_position>
<m_width>2</m_width>
<m_subId>-1</m_subId>
</CMapNoteAsset>
<CMapNoteAsset>
<m_id>73</m_id>
<m_type>CHAIN</m_type>
<m_time>90.625</m_time>
<m_position>0.8</m_position>
<m_width>2</m_width>
<m_subId>-1</m_subId>
</CMapNoteAsset>
<CMapNoteAsset>
<m_id>74</m_id>
<m_type>CHAIN</m_type>
<m_time>91</m_time>
<m_position>1.5</m_position>
<m_width>2</m_width>
<m_subId>-1</m_subId>
</CMapNoteAsset>
<CMapNoteAsset>
<m_id>75</m_id>
<m_type>CHAIN</m_type>
<m_time>91.25</m_time>
<m_position>2.2</m_position>
<m_width>2</m_width>
<m_subId>-1</m_subId>
</CMapNoteAsset>
<CMapNoteAsset>
<m_id>76</m_id>
<m_type>CHAIN</m_type>
<m_time>91.5</m_time>
<m_position>2.5</m_position>
<m_width>2</m_width>
<m_subId>-1</m_subId>
</CMapNoteAsset>
<CMapNoteAsset>
<m_id>77</m_id>
<m_type>CHAIN</m_type>
<m_time>91.875</m_time>
<m_position>3.9</m_position>
<m_width>2</m_width>
<m_subId>-1</m_subId>
</CMapNoteAsset>
<CMapNoteAsset>
<m_id>78</m_id>
<m_type>CHAIN</m_type>
<m_time>92.25</m_time>
<m_position>2.7</m_position>
<m_width>2</m_width>
<m_subId>-1</m_subId>
</CMapNoteAsset>
<CMapNoteAsset>
<m_id>79</m_id>
<m_type>CHAIN</m_type>
<m_time>92.625</m_time>
<m_position>1.6</m_position>
<m_width>2</m_width>
<m_subId>-1</m_subId>
</CMapNoteAsset>
<CMapNoteAsset>
<m_id>80</m_id>
<m_type>CHAIN</m_type>
<m_time>93</m_time>
<m_position>0.2</m_position>
<m_width>2</m_width>
<m_subId>-1</m_subId>
</CMapNoteAsset>
<CMapNoteAsset>
<m_id>81</m_id>
<m_type>CHAIN</m_type>
<m_time>93.25</m_time>
<m_position>1.1</m_position>
<m_width>2</m_width>
<m_subId>-1</m_subId>
</CMapNoteAsset>
</m_notes>
</m_notesRight>
<m_argument>
<m_bpmchange></m_bpmchange>
</m_argument>
</CMap>
