<?xml version="1.0" encoding="UTF-8" ?>
<CMap xmlns:xsi="http://www.w3.org/2001/XMLSchema-instance" xmlns:xsd="http://www.w3.org/2001/XMLSchema">
<m_path>七つ柊水光 (scenic mix)</m_path>
<m_barPerMin>43.5</m_barPerMin>
<m_timeOffset>-0.035</m_timeOffset>
<m_leftRegion>PAD</m_leftRegion>
<m_rightRegion>PAD</m_rightRegion>
<m_mapID>_map_七つ柊水光 (scenic mix)_C</m_mapID>
<m_notes>
<m_notes>
<CMapNoteAsset>
<m_id>0</m_id>
<m_type>HOLD</m_type>
<m_time>1</m_time>
<m_position>3.8</m_position>
<m_width>1.2</m_width>
<m_subId>1</m_subId>
</CMapNoteAsset>
<CMapNoteAsset>
<m_id>1</m_id>
<m_type>SUB</m_type>
<m_time>2.9375</m_time>
<m_position>3.8</m_position>
<m_width>1.2</m_width>
<m_subId>-1</m_subId>
</CMapNoteAsset>
<CMapNoteAsset>
<m_id>2</m_id>
<m_type>HOLD</m_type>
<m_time>3</m_time>
<m_position>0.4</m_position>
<m_width>1.2</m_width>
<m_subId>3</m_subId>
</CMapNoteAsset>
<CMapNoteAsset>
<m_id>3</m_id>
<m_type>SUB</m_type>
<m_time>4.9375</m_time>
<m_position>0.4</m_position>
<m_width>1.2</m_width>
<m_subId>-1</m_subId>
</CMapNoteAsset>
<CMapNoteAsset>
<m_id>4</m_id>
<m_type>HOLD</m_type>
<m_time>5</m_time>
<m_position>2.8</m_position>
<m_width>1.2</m_width>
<m_subId>5</m_subId>
</CMapNoteAsset>
<CMapNoteAsset>
<m_id>5</m_id>
<m_type>SUB</m_type>
<m_time>6.9375</m_time>
<m_position>2.8</m_position>
<m_width>1.2</m_width>
<m_subId>-1</m_subId>
</CMapNoteAsset>
<CMapNoteAsset>
<m_id>6</m_id>
<m_type>HOLD</m_type>
<m_time>7</m_time>
<m_position>1.1</m_position>
<m_width>1.2</m_width>
<m_subId>7</m_subId>
</CMapNoteAsset>
<CMapNoteAsset>
<m_id>7</m_id>
<m_type>SUB</m_type>
<m_time>8.9375</m_time>
<m_position>1.1</m_position>
<m_width>1.2</m_width>
<m_subId>-1</m_subId>
</CMapNoteAsset>
<CMapNoteAsset>
<m_id>8</m_id>
<m_type>NORMAL</m_type>
<m_time>9</m_time>
<m_position>4.2</m_position>
<m_width>1.2</m_width>
<m_subId>-1</m_subId>
</CMapNoteAsset>
<CMapNoteAsset>
<m_id>9</m_id>
<m_type>NORMAL</m_type>
<m_time>10</m_time>
<m_position>-0.1</m_position>
<m_width>1.2</m_width>
<m_subId>-1</m_subId>
</CMapNoteAsset>
<CMapNoteAsset>
<m_id>10</m_id>
<m_type>NORMAL</m_type>
<m_time>11</m_time>
<m_position>3.5</m_position>
<m_width>1.2</m_width>
<m_subId>-1</m_subId>
</CMapNoteAsset>
<CMapNoteAsset>
<m_id>11</m_id>
<m_type>NORMAL</m_type>
<m_time>12</m_time>
<m_position>1</m_position>
<m_width>1.2</m_width>
<m_subId>-1</m_subId>
</CMapNoteAsset>
<CMapNoteAsset>
<m_id>12</m_id>
<m_type>NORMAL</m_type>
<m_time>13</m_time>
<m_position>3</m_position>
<m_width>1.2</m_width>
<m_subId>-1</m_subId>
</CMapNoteAsset>
<CMapNoteAsset>
<m_id>13</m_id>
<m_type>NORMAL</m_type>
<m_time>14</m_time>
<m_position>4.2</m_position>
<m_width>1.2</m_width>
<m_subId>-1</m_subId>
</CMapNoteAsset>
<CMapNoteAsset>
<m_id>14</m_id>
<m_type>NORMAL</m_type>
<m_time>15</m_time>
<m_position>1</m_position>
<m_width>1.2</m_width>
<m_subId>-1</m_subId>
</CMapNoteAsset>
<CMapNoteAsset>
<m_id>15</m_id>
<m_type>NORMAL</m_type>
<m_time>16</m_time>
<m_position>-0.2</m_position>
<m_width>1.2</m_width>
<m_subId>-1</m_subId>
</CMapNoteAsset>
<CMapNoteAsset>
<m_id>16</m_id>
<m_type>HOLD</m_type>
<m_time>17</m_time>
<m_position>4</m_position>
<m_width>1.2</m_width>
<m_subId>17</m_subId>
</CMapNoteAsset>
<CMapNoteAsset>
<m_id>17</m_id>
<m_type>SUB</m_type>
<m_time>17.75</m_time>
<m_position>4</m_position>
<m_width>1.2</m_width>
<m_subId>-1</m_subId>
</CMapNoteAsset>
<CMapNoteAsset>
<m_id>18</m_id>
<m_type>NORMAL</m_type>
<m_time>18</m_time>
<m_position>0.2</m_position>
<m_width>1.2</m_width>
<m_subId>-1</m_subId>
</CMapNoteAsset>
<CMapNoteAsset>
<m_id>19</m_id>
<m_type>HOLD</m_type>
<m_time>19</m_time>
<m_position>0.4</m_position>
<m_width>1.2</m_width>
<m_subId>20</m_subId>
</CMapNoteAsset>
<CMapNoteAsset>
<m_id>20</m_id>
<m_type>SUB</m_type>
<m_time>19.75</m_time>
<m_position>0.4</m_position>
<m_width>1.2</m_width>
<m_subId>-1</m_subId>
</CMapNoteAsset>
<CMapNoteAsset>
<m_id>21</m_id>
<m_type>NORMAL</m_type>
<m_time>20</m_time>
<m_position>2.2</m_position>
<m_width>1.2</m_width>
<m_subId>-1</m_subId>
</CMapNoteAsset>
<CMapNoteAsset>
<m_id>22</m_id>
<m_type>NORMAL</m_type>
<m_time>22</m_time>
<m_position>2.4</m_position>
<m_width>1.2</m_width>
<m_subId>-1</m_subId>
</CMapNoteAsset>
<CMapNoteAsset>
<m_id>23</m_id>
<m_type>NORMAL</m_type>
<m_time>24</m_time>
<m_position>3.9</m_position>
<m_width>1.2</m_width>
<m_subId>-1</m_subId>
</CMapNoteAsset>
<CMapNoteAsset>
<m_id>24</m_id>
<m_type>NORMAL</m_type>
<m_time>25</m_time>
<m_position>0.1</m_position>
<m_width>1.2</m_width>
<m_subId>-1</m_subId>
</CMapNoteAsset>
<CMapNoteAsset>
<m_id>25</m_id>
<m_type>NORMAL</m_type>
<m_time>26</m_time>
<m_position>2.7</m_position>
<m_width>1.2</m_width>
<m_subId>-1</m_subId>
</CMapNoteAsset>
<CMapNoteAsset>
<m_id>26</m_id>
<m_type>CHAIN</m_type>
<m_time>26.375</m_time>
<m_position>3.3</m_position>
<m_width>1.2</m_width>
<m_subId>-1</m_subId>
</CMapNoteAsset>
<CMapNoteAsset>
<m_id>27</m_id>
<m_type>CHAIN</m_type>
<m_time>26.75</m_time>
<m_position>4</m_position>
<m_width>1.2</m_width>
<m_subId>-1</m_subId>
</CMapNoteAsset>
<CMapNoteAsset>
<m_id>28</m_id>
<m_type>NORMAL</m_type>
<m_time>27</m_time>
<m_position>1.1</m_position>
<m_width>1.2</m_width>
<m_subId>-1</m_subId>
</CMapNoteAsset>
<CMapNoteAsset>
<m_id>29</m_id>
<m_type>NORMAL</m_type>
<m_time>28</m_time>
<m_position>1.3</m_position>
<m_width>1.2</m_width>
<m_subId>-1</m_subId>
</CMapNoteAsset>
<CMapNoteAsset>
<m_id>30</m_id>
<m_type>CHAIN</m_type>
<m_time>28.125</m_time>
<m_position>0.9</m_position>
<m_width>1.2</m_width>
<m_subId>-1</m_subId>
</CMapNoteAsset>
<CMapNoteAsset>
<m_id>31</m_id>
<m_type>CHAIN</m_type>
<m_time>28.25</m_time>
<m_position>0.6</m_position>
<m_width>1.2</m_width>
<m_subId>-1</m_subId>
</CMapNoteAsset>
<CMapNoteAsset>
<m_id>32</m_id>
<m_type>CHAIN</m_type>
<m_time>28.375</m_time>
<m_position>0.2</m_position>
<m_width>1.2</m_width>
<m_subId>-1</m_subId>
</CMapNoteAsset>
<CMapNoteAsset>
<m_id>33</m_id>
<m_type>NORMAL</m_type>
<m_time>29</m_time>
<m_position>3.5</m_position>
<m_width>1.2</m_width>
<m_subId>-1</m_subId>
</CMapNoteAsset>
<CMapNoteAsset>
<m_id>34</m_id>
<m_type>NORMAL</m_type>
<m_time>30</m_time>
<m_position>0.9</m_position>
<m_width>1.2</m_width>
<m_subId>-1</m_subId>
</CMapNoteAsset>
<CMapNoteAsset>
<m_id>35</m_id>
<m_type>NORMAL</m_type>
<m_time>33</m_time>
<m_position>0.2</m_position>
<m_width>2</m_width>
<m_subId>-1</m_subId>
</CMapNoteAsset>
<CMapNoteAsset>
<m_id>36</m_id>
<m_type>CHAIN</m_type>
<m_time>33.625</m_time>
<m_position>3.35</m_position>
<m_width>1.5</m_width>
<m_subId>-1</m_subId>
</CMapNoteAsset>
<CMapNoteAsset>
<m_id>37</m_id>
<m_type>CHAIN</m_type>
<m_time>34</m_time>
<m_position>3.35</m_position>
<m_width>1.5</m_width>
<m_subId>-1</m_subId>
</CMapNoteAsset>
<CMapNoteAsset>
<m_id>38</m_id>
<m_type>CHAIN</m_type>
<m_time>34.375</m_time>
<m_position>3.35</m_position>
<m_width>1.5</m_width>
<m_subId>-1</m_subId>
</CMapNoteAsset>
<CMapNoteAsset>
<m_id>39</m_id>
<m_type>CHAIN</m_type>
<m_time>35</m_time>
<m_position>0.65</m_position>
<m_width>1.5</m_width>
<m_subId>-1</m_subId>
</CMapNoteAsset>
<CMapNoteAsset>
<m_id>40</m_id>
<m_type>CHAIN</m_type>
<m_time>35.625</m_time>
<m_position>0.65</m_position>
<m_width>1.5</m_width>
<m_subId>-1</m_subId>
</CMapNoteAsset>
<CMapNoteAsset>
<m_id>41</m_id>
<m_type>CHAIN</m_type>
<m_time>36</m_time>
<m_position>0.65</m_position>
<m_width>1.5</m_width>
<m_subId>-1</m_subId>
</CMapNoteAsset>
<CMapNoteAsset>
<m_id>42</m_id>
<m_type>CHAIN</m_type>
<m_time>36.375</m_time>
<m_position>0.65</m_position>
<m_width>1.5</m_width>
<m_subId>-1</m_subId>
</CMapNoteAsset>
<CMapNoteAsset>
<m_id>43</m_id>
<m_type>CHAIN</m_type>
<m_time>36.625</m_time>
<m_position>0.65</m_position>
<m_width>1.5</m_width>
<m_subId>-1</m_subId>
</CMapNoteAsset>
<CMapNoteAsset>
<m_id>44</m_id>
<m_type>CHAIN</m_type>
<m_time>36.75</m_time>
<m_position>0.65</m_position>
<m_width>1.5</m_width>
<m_subId>-1</m_subId>
</CMapNoteAsset>
<CMapNoteAsset>
<m_id>45</m_id>
<m_type>CHAIN</m_type>
<m_time>37</m_time>
<m_position>3.65</m_position>
<m_width>1.5</m_width>
<m_subId>-1</m_subId>
</CMapNoteAsset>
<CMapNoteAsset>
<m_id>46</m_id>
<m_type>CHAIN</m_type>
<m_time>37.625</m_time>
<m_position>3.65</m_position>
<m_width>1.5</m_width>
<m_subId>-1</m_subId>
</CMapNoteAsset>
<CMapNoteAsset>
<m_id>47</m_id>
<m_type>CHAIN</m_type>
<m_time>38</m_time>
<m_position>3.65</m_position>
<m_width>1.5</m_width>
<m_subId>-1</m_subId>
</CMapNoteAsset>
<CMapNoteAsset>
<m_id>48</m_id>
<m_type>CHAIN</m_type>
<m_time>38.375</m_time>
<m_position>3.65</m_position>
<m_width>1.5</m_width>
<m_subId>-1</m_subId>
</CMapNoteAsset>
<CMapNoteAsset>
<m_id>49</m_id>
<m_type>CHAIN</m_type>
<m_time>39</m_time>
<m_position>1.25</m_position>
<m_width>2.5</m_width>
<m_subId>-1</m_subId>
</CMapNoteAsset>
<CMapNoteAsset>
<m_id>50</m_id>
<m_type>CHAIN</m_type>
<m_time>39.375</m_time>
<m_position>1.25</m_position>
<m_width>2.5</m_width>
<m_subId>-1</m_subId>
</CMapNoteAsset>
<CMapNoteAsset>
<m_id>51</m_id>
<m_type>CHAIN</m_type>
<m_time>39.75</m_time>
<m_position>1.75</m_position>
<m_width>1.5</m_width>
<m_subId>-1</m_subId>
</CMapNoteAsset>
<CMapNoteAsset>
<m_id>52</m_id>
<m_type>CHAIN</m_type>
<m_time>40</m_time>
<m_position>1.75</m_position>
<m_width>1.5</m_width>
<m_subId>-1</m_subId>
</CMapNoteAsset>
<CMapNoteAsset>
<m_id>53</m_id>
<m_type>CHAIN</m_type>
<m_time>40.125</m_time>
<m_position>1</m_position>
<m_width>3</m_width>
<m_subId>-1</m_subId>
</CMapNoteAsset>
<CMapNoteAsset>
<m_id>54</m_id>
<m_type>HOLD</m_type>
<m_time>41</m_time>
<m_position>0.1</m_position>
<m_width>1.2</m_width>
<m_subId>55</m_subId>
</CMapNoteAsset>
<CMapNoteAsset>
<m_id>55</m_id>
<m_type>SUB</m_type>
<m_time>42.375</m_time>
<m_position>0.1</m_position>
<m_width>1.2</m_width>
<m_subId>-1</m_subId>
</CMapNoteAsset>
<CMapNoteAsset>
<m_id>56</m_id>
<m_type>NORMAL</m_type>
<m_time>42.4375</m_time>
<m_position>3.8</m_position>
<m_width>1.2</m_width>
<m_subId>-1</m_subId>
</CMapNoteAsset>
<CMapNoteAsset>
<m_id>57</m_id>
<m_type>NORMAL</m_type>
<m_time>42.75</m_time>
<m_position>2.5</m_position>
<m_width>1.2</m_width>
<m_subId>-1</m_subId>
</CMapNoteAsset>
<CMapNoteAsset>
<m_id>58</m_id>
<m_type>NORMAL</m_type>
<m_time>43</m_time>
<m_position>0</m_position>
<m_width>1.2</m_width>
<m_subId>-1</m_subId>
</CMapNoteAsset>
<CMapNoteAsset>
<m_id>59</m_id>
<m_type>HOLD</m_type>
<m_time>43.4375</m_time>
<m_position>3.9</m_position>
<m_width>1.2</m_width>
<m_subId>60</m_subId>
</CMapNoteAsset>
<CMapNoteAsset>
<m_id>60</m_id>
<m_type>SUB</m_type>
<m_time>44.75</m_time>
<m_position>3.9</m_position>
<m_width>1.2</m_width>
<m_subId>-1</m_subId>
</CMapNoteAsset>
<CMapNoteAsset>
<m_id>61</m_id>
<m_type>HOLD</m_type>
<m_time>45</m_time>
<m_position>1.2</m_position>
<m_width>1.2</m_width>
<m_subId>62</m_subId>
</CMapNoteAsset>
<CMapNoteAsset>
<m_id>62</m_id>
<m_type>SUB</m_type>
<m_time>46.375</m_time>
<m_position>1.2</m_position>
<m_width>1.2</m_width>
<m_subId>-1</m_subId>
</CMapNoteAsset>
<CMapNoteAsset>
<m_id>63</m_id>
<m_type>NORMAL</m_type>
<m_time>46.4375</m_time>
<m_position>4</m_position>
<m_width>1.2</m_width>
<m_subId>-1</m_subId>
</CMapNoteAsset>
<CMapNoteAsset>
<m_id>64</m_id>
<m_type>NORMAL</m_type>
<m_time>46.75</m_time>
<m_position>-0.2</m_position>
<m_width>1.2</m_width>
<m_subId>-1</m_subId>
</CMapNoteAsset>
<CMapNoteAsset>
<m_id>65</m_id>
<m_type>NORMAL</m_type>
<m_time>47</m_time>
<m_position>3.5</m_position>
<m_width>1.2</m_width>
<m_subId>-1</m_subId>
</CMapNoteAsset>
<CMapNoteAsset>
<m_id>66</m_id>
<m_type>NORMAL</m_type>
<m_time>47.375</m_time>
<m_position>1</m_position>
<m_width>1.2</m_width>
<m_subId>-1</m_subId>
</CMapNoteAsset>
<CMapNoteAsset>
<m_id>67</m_id>
<m_type>HOLD</m_type>
<m_time>48</m_time>
<m_position>4</m_position>
<m_width>1.2</m_width>
<m_subId>68</m_subId>
</CMapNoteAsset>
<CMapNoteAsset>
<m_id>68</m_id>
<m_type>SUB</m_type>
<m_time>48.875</m_time>
<m_position>4</m_position>
<m_width>1.2</m_width>
<m_subId>-1</m_subId>
</CMapNoteAsset>
<CMapNoteAsset>
<m_id>69</m_id>
<m_type>NORMAL</m_type>
<m_time>49</m_time>
<m_position>0.1</m_position>
<m_width>1.2</m_width>
<m_subId>-1</m_subId>
</CMapNoteAsset>
<CMapNoteAsset>
<m_id>70</m_id>
<m_type>NORMAL</m_type>
<m_time>50</m_time>
<m_position>1</m_position>
<m_width>1.2</m_width>
<m_subId>-1</m_subId>
</CMapNoteAsset>
<CMapNoteAsset>
<m_id>71</m_id>
<m_type>NORMAL</m_type>
<m_time>51</m_time>
<m_position>4.1</m_position>
<m_width>1.2</m_width>
<m_subId>-1</m_subId>
</CMapNoteAsset>
<CMapNoteAsset>
<m_id>72</m_id>
<m_type>NORMAL</m_type>
<m_time>52</m_time>
<m_position>2.3</m_position>
<m_width>1.2</m_width>
<m_subId>-1</m_subId>
</CMapNoteAsset>
<CMapNoteAsset>
<m_id>73</m_id>
<m_type>NORMAL</m_type>
<m_time>54</m_time>
<m_position>2.7</m_position>
<m_width>1.2</m_width>
<m_subId>-1</m_subId>
</CMapNoteAsset>
<CMapNoteAsset>
<m_id>74</m_id>
<m_type>NORMAL</m_type>
<m_time>56</m_time>
<m_position>0.5</m_position>
<m_width>1.2</m_width>
<m_subId>-1</m_subId>
</CMapNoteAsset>
<CMapNoteAsset>
<m_id>75</m_id>
<m_type>CHAIN</m_type>
<m_time>56.375</m_time>
<m_position>0.5</m_position>
<m_width>1.2</m_width>
<m_subId>-1</m_subId>
</CMapNoteAsset>
<CMapNoteAsset>
<m_id>76</m_id>
<m_type>CHAIN</m_type>
<m_time>56.75</m_time>
<m_position>0.5</m_position>
<m_width>1.2</m_width>
<m_subId>-1</m_subId>
</CMapNoteAsset>
<CMapNoteAsset>
<m_id>77</m_id>
<m_type>NORMAL</m_type>
<m_time>57</m_time>
<m_position>3.65</m_position>
<m_width>1.5</m_width>
<m_subId>-1</m_subId>
</CMapNoteAsset>
<CMapNoteAsset>
<m_id>78</m_id>
<m_type>NORMAL</m_type>
<m_time>58</m_time>
<m_position>2.1</m_position>
<m_width>1.2</m_width>
<m_subId>-1</m_subId>
</CMapNoteAsset>
<CMapNoteAsset>
<m_id>79</m_id>
<m_type>NORMAL</m_type>
<m_time>59</m_time>
<m_position>3.5</m_position>
<m_width>1.2</m_width>
<m_subId>-1</m_subId>
</CMapNoteAsset>
<CMapNoteAsset>
<m_id>80</m_id>
<m_type>NORMAL</m_type>
<m_time>60</m_time>
<m_position>0.2</m_position>
<m_width>1.2</m_width>
<m_subId>-1</m_subId>
</CMapNoteAsset>
<CMapNoteAsset>
<m_id>81</m_id>
<m_type>NORMAL</m_type>
<m_time>63</m_time>
<m_position>3.7</m_position>
<m_width>1.2</m_width>
<m_subId>-1</m_subId>
</CMapNoteAsset>
<CMapNoteAsset>
<m_id>82</m_id>
<m_type>CHAIN</m_type>
<m_time>63.25</m_time>
<m_position>3.2</m_position>
<m_width>1.2</m_width>
<m_subId>-1</m_subId>
</CMapNoteAsset>
<CMapNoteAsset>
<m_id>83</m_id>
<m_type>CHAIN</m_type>
<m_time>63.5</m_time>
<m_position>2.8</m_position>
<m_width>1.2</m_width>
<m_subId>-1</m_subId>
</CMapNoteAsset>
<CMapNoteAsset>
<m_id>84</m_id>
<m_type>CHAIN</m_type>
<m_time>63.75</m_time>
<m_position>2.4</m_position>
<m_width>1.2</m_width>
<m_subId>-1</m_subId>
</CMapNoteAsset>
<CMapNoteAsset>
<m_id>85</m_id>
<m_type>NORMAL</m_type>
<m_time>64</m_time>
<m_position>0.1</m_position>
<m_width>1.2</m_width>
<m_subId>-1</m_subId>
</CMapNoteAsset>
<CMapNoteAsset>
<m_id>86</m_id>
<m_type>NORMAL</m_type>
<m_time>65</m_time>
<m_position>1.25</m_position>
<m_width>2.5</m_width>
<m_subId>-1</m_subId>
</CMapNoteAsset>
<CMapNoteAsset>
<m_id>87</m_id>
<m_type>CHAIN</m_type>
<m_time>65.25</m_time>
<m_position>1.25</m_position>
<m_width>2.5</m_width>
<m_subId>-1</m_subId>
</CMapNoteAsset>
<CMapNoteAsset>
<m_id>88</m_id>
<m_type>CHAIN</m_type>
<m_time>65.5</m_time>
<m_position>1.25</m_position>
<m_width>2.5</m_width>
<m_subId>-1</m_subId>
</CMapNoteAsset>
<CMapNoteAsset>
<m_id>89</m_id>
<m_type>CHAIN</m_type>
<m_time>65.75</m_time>
<m_position>1.25</m_position>
<m_width>2.5</m_width>
<m_subId>-1</m_subId>
</CMapNoteAsset>
<CMapNoteAsset>
<m_id>90</m_id>
<m_type>HOLD</m_type>
<m_time>66</m_time>
<m_position>4.1</m_position>
<m_width>1.2</m_width>
<m_subId>91</m_subId>
</CMapNoteAsset>
<CMapNoteAsset>
<m_id>91</m_id>
<m_type>SUB</m_type>
<m_time>66.75</m_time>
<m_position>4.1</m_position>
<m_width>1.2</m_width>
<m_subId>-1</m_subId>
</CMapNoteAsset>
<CMapNoteAsset>
<m_id>92</m_id>
<m_type>NORMAL</m_type>
<m_time>67</m_time>
<m_position>0</m_position>
<m_width>1.2</m_width>
<m_subId>-1</m_subId>
</CMapNoteAsset>
<CMapNoteAsset>
<m_id>93</m_id>
<m_type>CHAIN</m_type>
<m_time>67.375</m_time>
<m_position>0.6</m_position>
<m_width>1.2</m_width>
<m_subId>-1</m_subId>
</CMapNoteAsset>
<CMapNoteAsset>
<m_id>94</m_id>
<m_type>CHAIN</m_type>
<m_time>67.75</m_time>
<m_position>1.6</m_position>
<m_width>1.2</m_width>
<m_subId>-1</m_subId>
</CMapNoteAsset>
<CMapNoteAsset>
<m_id>95</m_id>
<m_type>HOLD</m_type>
<m_time>68</m_time>
<m_position>3.3</m_position>
<m_width>1.2</m_width>
<m_subId>96</m_subId>
</CMapNoteAsset>
<CMapNoteAsset>
<m_id>96</m_id>
<m_type>SUB</m_type>
<m_time>68.75</m_time>
<m_position>3.3</m_position>
<m_width>1.2</m_width>
<m_subId>-1</m_subId>
</CMapNoteAsset>
<CMapNoteAsset>
<m_id>97</m_id>
<m_type>NORMAL</m_type>
<m_time>69</m_time>
<m_position>1.2</m_position>
<m_width>1.2</m_width>
<m_subId>-1</m_subId>
</CMapNoteAsset>
<CMapNoteAsset>
<m_id>98</m_id>
<m_type>CHAIN</m_type>
<m_time>69.125</m_time>
<m_position>0.9</m_position>
<m_width>1.2</m_width>
<m_subId>-1</m_subId>
</CMapNoteAsset>
<CMapNoteAsset>
<m_id>99</m_id>
<m_type>CHAIN</m_type>
<m_time>69.25</m_time>
<m_position>0.6</m_position>
<m_width>1.2</m_width>
<m_subId>-1</m_subId>
</CMapNoteAsset>
<CMapNoteAsset>
<m_id>100</m_id>
<m_type>CHAIN</m_type>
<m_time>69.375</m_time>
<m_position>0.3</m_position>
<m_width>1.2</m_width>
<m_subId>-1</m_subId>
</CMapNoteAsset>
<CMapNoteAsset>
<m_id>101</m_id>
<m_type>HOLD</m_type>
<m_time>72</m_time>
<m_position>0.2</m_position>
<m_width>1.2</m_width>
<m_subId>102</m_subId>
</CMapNoteAsset>
<CMapNoteAsset>
<m_id>102</m_id>
<m_type>SUB</m_type>
<m_time>72.75</m_time>
<m_position>0.2</m_position>
<m_width>1.2</m_width>
<m_subId>-1</m_subId>
</CMapNoteAsset>
<CMapNoteAsset>
<m_id>103</m_id>
<m_type>NORMAL</m_type>
<m_time>73</m_time>
<m_position>4.1</m_position>
<m_width>1.2</m_width>
<m_subId>-1</m_subId>
</CMapNoteAsset>
<CMapNoteAsset>
<m_id>104</m_id>
<m_type>CHAIN</m_type>
<m_time>73.375</m_time>
<m_position>3.2</m_position>
<m_width>1.2</m_width>
<m_subId>-1</m_subId>
</CMapNoteAsset>
<CMapNoteAsset>
<m_id>105</m_id>
<m_type>CHAIN</m_type>
<m_time>73.75</m_time>
<m_position>3.8</m_position>
<m_width>1.2</m_width>
<m_subId>-1</m_subId>
</CMapNoteAsset>
<CMapNoteAsset>
<m_id>106</m_id>
<m_type>HOLD</m_type>
<m_time>74</m_time>
<m_position>1.1</m_position>
<m_width>1.2</m_width>
<m_subId>107</m_subId>
</CMapNoteAsset>
<CMapNoteAsset>
<m_id>107</m_id>
<m_type>SUB</m_type>
<m_time>74.75</m_time>
<m_position>1.1</m_position>
<m_width>1.2</m_width>
<m_subId>-1</m_subId>
</CMapNoteAsset>
<CMapNoteAsset>
<m_id>108</m_id>
<m_type>NORMAL</m_type>
<m_time>75</m_time>
<m_position>3.7</m_position>
<m_width>1.2</m_width>
<m_subId>-1</m_subId>
</CMapNoteAsset>
<CMapNoteAsset>
<m_id>109</m_id>
<m_type>CHAIN</m_type>
<m_time>75.375</m_time>
<m_position>4.1</m_position>
<m_width>1.2</m_width>
<m_subId>-1</m_subId>
</CMapNoteAsset>
<CMapNoteAsset>
<m_id>110</m_id>
<m_type>CHAIN</m_type>
<m_time>75.75</m_time>
<m_position>2.9</m_position>
<m_width>1.2</m_width>
<m_subId>-1</m_subId>
</CMapNoteAsset>
<CMapNoteAsset>
<m_id>111</m_id>
<m_type>HOLD</m_type>
<m_time>76</m_time>
<m_position>0</m_position>
<m_width>1.2</m_width>
<m_subId>112</m_subId>
</CMapNoteAsset>
<CMapNoteAsset>
<m_id>112</m_id>
<m_type>SUB</m_type>
<m_time>76.75</m_time>
<m_position>0</m_position>
<m_width>1.2</m_width>
<m_subId>-1</m_subId>
</CMapNoteAsset>
<CMapNoteAsset>
<m_id>113</m_id>
<m_type>NORMAL</m_type>
<m_time>77</m_time>
<m_position>3.2</m_position>
<m_width>1.2</m_width>
<m_subId>-1</m_subId>
</CMapNoteAsset>
<CMapNoteAsset>
<m_id>114</m_id>
<m_type>CHAIN</m_type>
<m_time>77.125</m_time>
<m_position>3.8</m_position>
<m_width>1.2</m_width>
<m_subId>-1</m_subId>
</CMapNoteAsset>
<CMapNoteAsset>
<m_id>115</m_id>
<m_type>CHAIN</m_type>
<m_time>77.25</m_time>
<m_position>3.2</m_position>
<m_width>1.2</m_width>
<m_subId>-1</m_subId>
</CMapNoteAsset>
<CMapNoteAsset>
<m_id>116</m_id>
<m_type>CHAIN</m_type>
<m_time>77.375</m_time>
<m_position>2.7</m_position>
<m_width>1.2</m_width>
<m_subId>-1</m_subId>
</CMapNoteAsset>
<CMapNoteAsset>
<m_id>117</m_id>
<m_type>HOLD</m_type>
<m_time>80</m_time>
<m_position>1.5</m_position>
<m_width>2</m_width>
<m_subId>118</m_subId>
</CMapNoteAsset>
<CMapNoteAsset>
<m_id>118</m_id>
<m_type>SUB</m_type>
<m_time>81.875</m_time>
<m_position>1.5</m_position>
<m_width>2</m_width>
<m_subId>-1</m_subId>
</CMapNoteAsset>
<CMapNoteAsset>
<m_id>119</m_id>
<m_type>NORMAL</m_type>
<m_time>82</m_time>
<m_position>3.75</m_position>
<m_width>1.5</m_width>
<m_subId>-1</m_subId>
</CMapNoteAsset>
<CMapNoteAsset>
<m_id>120</m_id>
<m_type>CHAIN</m_type>
<m_time>82.375</m_time>
<m_position>3.75</m_position>
<m_width>1.5</m_width>
<m_subId>-1</m_subId>
</CMapNoteAsset>
<CMapNoteAsset>
<m_id>121</m_id>
<m_type>CHAIN</m_type>
<m_time>82.75</m_time>
<m_position>3.75</m_position>
<m_width>1.5</m_width>
<m_subId>-1</m_subId>
</CMapNoteAsset>
<CMapNoteAsset>
<m_id>122</m_id>
<m_type>NORMAL</m_type>
<m_time>83</m_time>
<m_position>-0.05</m_position>
<m_width>1.5</m_width>
<m_subId>-1</m_subId>
</CMapNoteAsset>
<CMapNoteAsset>
<m_id>123</m_id>
<m_type>CHAIN</m_type>
<m_time>83.375</m_time>
<m_position>-0.05</m_position>
<m_width>1.5</m_width>
<m_subId>-1</m_subId>
</CMapNoteAsset>
<CMapNoteAsset>
<m_id>124</m_id>
<m_type>CHAIN</m_type>
<m_time>83.75</m_time>
<m_position>-0.05</m_position>
<m_width>1.5</m_width>
<m_subId>-1</m_subId>
</CMapNoteAsset>
<CMapNoteAsset>
<m_id>125</m_id>
<m_type>NORMAL</m_type>
<m_time>84</m_time>
<m_position>1.25</m_position>
<m_width>2.5</m_width>
<m_subId>-1</m_subId>
</CMapNoteAsset>
<CMapNoteAsset>
<m_id>126</m_id>
<m_type>NORMAL</m_type>
<m_time>92</m_time>
<m_position>1</m_position>
<m_width>3</m_width>
<m_subId>-1</m_subId>
</CMapNoteAsset>
<CMapNoteAsset>
<m_id>127</m_id>
<m_type>NORMAL</m_type>
<m_time>93</m_time>
<m_position>3.7</m_position>
<m_width>1.2</m_width>
<m_subId>-1</m_subId>
</CMapNoteAsset>
<CMapNoteAsset>
<m_id>128</m_id>
<m_type>NORMAL</m_type>
<m_time>94</m_time>
<m_position>0.3</m_position>
<m_width>1.2</m_width>
<m_subId>-1</m_subId>
</CMapNoteAsset>
<CMapNoteAsset>
<m_id>129</m_id>
<m_type>NORMAL</m_type>
<m_time>96</m_time>
<m_position>4.1</m_position>
<m_width>1.2</m_width>
<m_subId>-1</m_subId>
</CMapNoteAsset>
<CMapNoteAsset>
<m_id>130</m_id>
<m_type>NORMAL</m_type>
<m_time>97</m_time>
<m_position>1</m_position>
<m_width>1.2</m_width>
<m_subId>-1</m_subId>
</CMapNoteAsset>
<CMapNoteAsset>
<m_id>131</m_id>
<m_type>NORMAL</m_type>
<m_time>98</m_time>
<m_position>3.5</m_position>
<m_width>1.2</m_width>
<m_subId>-1</m_subId>
</CMapNoteAsset>
<CMapNoteAsset>
<m_id>132</m_id>
<m_type>HOLD</m_type>
<m_time>99.28125</m_time>
<m_position>0.8</m_position>
<m_width>1.2</m_width>
<m_subId>133</m_subId>
</CMapNoteAsset>
<CMapNoteAsset>
<m_id>133</m_id>
<m_type>SUB</m_type>
<m_time>103.03125</m_time>
<m_position>0.8</m_position>
<m_width>1.2</m_width>
<m_subId>-1</m_subId>
</CMapNoteAsset>
</m_notes>
</m_notes>
<m_notesLeft>
<m_notes>
<CMapNoteAsset>
<m_id>0</m_id>
<m_type>HOLD</m_type>
<m_time>23</m_time>
<m_position>1.3</m_position>
<m_width>2</m_width>
<m_subId>1</m_subId>
</CMapNoteAsset>
<CMapNoteAsset>
<m_id>1</m_id>
<m_type>SUB</m_type>
<m_time>23.75</m_time>
<m_position>1.3</m_position>
<m_width>2</m_width>
<m_subId>-1</m_subId>
</CMapNoteAsset>
<CMapNoteAsset>
<m_id>2</m_id>
<m_type>NORMAL</m_type>
<m_time>53</m_time>
<m_position>1.95</m_position>
<m_width>2.5</m_width>
<m_subId>-1</m_subId>
</CMapNoteAsset>
<CMapNoteAsset>
<m_id>3</m_id>
<m_type>NORMAL</m_type>
<m_time>62</m_time>
<m_position>3.25</m_position>
<m_width>2.5</m_width>
<m_subId>-1</m_subId>
</CMapNoteAsset>
<CMapNoteAsset>
<m_id>4</m_id>
<m_type>HOLD</m_type>
<m_time>70</m_time>
<m_position>1.9</m_position>
<m_width>2</m_width>
<m_subId>5</m_subId>
</CMapNoteAsset>
<CMapNoteAsset>
<m_id>5</m_id>
<m_type>SUB</m_type>
<m_time>70.75</m_time>
<m_position>1.9</m_position>
<m_width>2</m_width>
<m_subId>-1</m_subId>
</CMapNoteAsset>
<CMapNoteAsset>
<m_id>6</m_id>
<m_type>HOLD</m_type>
<m_time>79</m_time>
<m_position>1</m_position>
<m_width>2</m_width>
<m_subId>7</m_subId>
</CMapNoteAsset>
<CMapNoteAsset>
<m_id>7</m_id>
<m_type>SUB</m_type>
<m_time>79.75</m_time>
<m_position>1</m_position>
<m_width>2</m_width>
<m_subId>-1</m_subId>
</CMapNoteAsset>
<CMapNoteAsset>
<m_id>8</m_id>
<m_type>NORMAL</m_type>
<m_time>88</m_time>
<m_position>1.35</m_position>
<m_width>2.5</m_width>
<m_subId>-1</m_subId>
</CMapNoteAsset>
<CMapNoteAsset>
<m_id>9</m_id>
<m_type>NORMAL</m_type>
<m_time>89</m_time>
<m_position>-0.65</m_position>
<m_width>2.5</m_width>
<m_subId>-1</m_subId>
</CMapNoteAsset>
<CMapNoteAsset>
<m_id>10</m_id>
<m_type>NORMAL</m_type>
<m_time>90</m_time>
<m_position>1.15</m_position>
<m_width>2.5</m_width>
<m_subId>-1</m_subId>
</CMapNoteAsset>
<CMapNoteAsset>
<m_id>11</m_id>
<m_type>NORMAL</m_type>
<m_time>91</m_time>
<m_position>1.85</m_position>
<m_width>2.5</m_width>
<m_subId>-1</m_subId>
</CMapNoteAsset>
</m_notes>
</m_notesLeft>
<m_notesRight>
<m_notes>
<CMapNoteAsset>
<m_id>0</m_id>
<m_type>HOLD</m_type>
<m_time>21</m_time>
<m_position>3</m_position>
<m_width>2</m_width>
<m_subId>1</m_subId>
</CMapNoteAsset>
<CMapNoteAsset>
<m_id>1</m_id>
<m_type>SUB</m_type>
<m_time>21.75</m_time>
<m_position>3</m_position>
<m_width>2</m_width>
<m_subId>-1</m_subId>
</CMapNoteAsset>
<CMapNoteAsset>
<m_id>2</m_id>
<m_type>HOLD</m_type>
<m_time>31</m_time>
<m_position>2.2</m_position>
<m_width>2</m_width>
<m_subId>3</m_subId>
</CMapNoteAsset>
<CMapNoteAsset>
<m_id>3</m_id>
<m_type>SUB</m_type>
<m_time>32.875</m_time>
<m_position>2.2</m_position>
<m_width>2</m_width>
<m_subId>-1</m_subId>
</CMapNoteAsset>
<CMapNoteAsset>
<m_id>4</m_id>
<m_type>NORMAL</m_type>
<m_time>55</m_time>
<m_position>-0.05</m_position>
<m_width>2.5</m_width>
<m_subId>-1</m_subId>
</CMapNoteAsset>
<CMapNoteAsset>
<m_id>5</m_id>
<m_type>NORMAL</m_type>
<m_time>61</m_time>
<m_position>2.25</m_position>
<m_width>2.5</m_width>
<m_subId>-1</m_subId>
</CMapNoteAsset>
<CMapNoteAsset>
<m_id>6</m_id>
<m_type>HOLD</m_type>
<m_time>71</m_time>
<m_position>2.6</m_position>
<m_width>2</m_width>
<m_subId>7</m_subId>
</CMapNoteAsset>
<CMapNoteAsset>
<m_id>7</m_id>
<m_type>SUB</m_type>
<m_time>71.75</m_time>
<m_position>2.6</m_position>
<m_width>2</m_width>
<m_subId>-1</m_subId>
</CMapNoteAsset>
<CMapNoteAsset>
<m_id>8</m_id>
<m_type>HOLD</m_type>
<m_time>78</m_time>
<m_position>2.7</m_position>
<m_width>2</m_width>
<m_subId>9</m_subId>
</CMapNoteAsset>
<CMapNoteAsset>
<m_id>9</m_id>
<m_type>SUB</m_type>
<m_time>78.75</m_time>
<m_position>2.7</m_position>
<m_width>2</m_width>
<m_subId>-1</m_subId>
</CMapNoteAsset>
<CMapNoteAsset>
<m_id>10</m_id>
<m_type>NORMAL</m_type>
<m_time>85</m_time>
<m_position>2.75</m_position>
<m_width>2.5</m_width>
<m_subId>-1</m_subId>
</CMapNoteAsset>
<CMapNoteAsset>
<m_id>11</m_id>
<m_type>NORMAL</m_type>
<m_time>86</m_time>
<m_position>0.35</m_position>
<m_width>2.5</m_width>
<m_subId>-1</m_subId>
</CMapNoteAsset>
</m_notes>
</m_notesRight>
<m_argument>
<m_bpmchange>
<CBpmchange>
<m_time>0</m_time>
<m_value>43.5</m_value>
</CBpmchange>
</m_bpmchange>
</m_argument>
</CMap>
